コード,銘柄
1301,極 洋
1305,ｉＦＴＰＸ年１
1306,ＮＦＴＯＰＩＸ
1308,上場ＴＰＸ
1309,ＮＦ上証５０
130A,ＶＩＳ
1311,ＮＦＴＰＸ３０
1319,ＮＦＮＫ３００
131A,ＣＣＮＧ
1320,ｉＦ２２５年１
1321,ＮＦＮＫ２２５
1322,上場パンタ
1325,ＮＦブラジル
1326,ＳＰＤＲゴール
1328,ＮＦ金価格
1329,ｉＳ２２５
132A,アイエヌＨＤ
1330,上場２２５
1332,ニッスイ
1333,マルハニチロ
133A,ＧＸ超短米
1343,ＮＦＪ－ＲＥＩＴ
1345,上場Ｊリート
1346,ＭＸＳ２２５
1348,ＭＸＳトピクス
1349,アジア債券
134A,アプライズ
1356,ＴＰＸベア２
1357,ＮＦ日経ダ
1358,上場２倍
135A,ＶＲＡＩＮ
1360,日経ベア２
1364,ｉＳＪＰＸ４００
1365,ｉＦ２２５ダ
1366,ｉＦ２２５Ｗベ
1367,ｉＦＴＰＸダ
1368,ｉＦＴＰＸＷベ
1369,Ｏｎｅ２２５
136A,三興商事
1375,ユキグニ
1376,カネコ種
1377,サカタのタネ
1379,ホクト
137A,Ｃｏｃｏｌｉｖｅ
1380,秋川牧園
1381,アクシーズ
1382,ホーブ
1383,ベルグアース
1384,ホクリヨウ
138A,光フード
1397,ＳＭＤＡＭ２２５
1398,ＳＭＤＡＭ Ｊリ
1399,上場ボラ
139A,東日本地
1401,エムビーエス
1407,ウエストＨＤ
140A,ｉＦ米１０ベ
1414,ショーボンド
1417,ミライト・ワン
1418,インターライフ
1419,タマホーム
141A,トライアル
1420,サンヨーＨ
1429,日本アクア
142A,ジンジブ
1430,ファーストコポ
1431,リブワーク
1432,動 力
1433,ベステラ
1434,ＪＥＳＣＯ ＨＤ
1435,ｒｏｂｏｔｈｏｍ
1436,グリーンエナシ
1438,岐阜造園
143A,イシン
1443,技研ＨＤ
1444,ニッソウ
1445,ひかりＨＤ
1446,キャンディル
1447,ＳＡＡＦＨＤ
144A,エネルギーパ
1450,ＴＡＮＡＫＥＮ
1452,横浜ライト
1456,ｉＦ２２５ベア
1457,ｉＦＴＰＸベア
1458,楽天Ｄブル
1459,楽天Ｄベア
145A,エルイズビー
1466,ｉＦ４００Ｗベ
1469,４００ベア２
146A,コロンビア
1472,ＮＦＪ４００Ｄイ
1473,Ｏｎｅトピクス
1474,ＯｎｅＪＰ４００
1475,ｉＳＴＯＰＩＸ
1476,ｉＳＪリート
1477,ｉＳ分散
1478,ｉＳ高配当
1479,ｉＦ人材
147A,ソラコム
1480,ＮＦ企業価
1481,上場貢献
1482,米債ヘッジ
1483,ｉＳ設備
1484,Ｏｎｅ設備
1485,ＭＸＳ設備
1486,上場米債
1487,上米債ＨＥ
1488,ｉＦＪリート
1489,ＮＦ高配５０
148A,ハッチ・ワーク
1490,上場ベータ
1491,中外鉱
1493,Ｏｎｅ中小
1494,Ｏｎｅ高配
1495,上場アジア
1496,ＩＧ社債Ｈ
1497,ＨＹ社債Ｈ
1498,ＯｎｅＥＳＧ
1499,ＭＸＳ高ＭＮ
149A,シンカ
150A,ＪＳＨ
1514,住石ＨＤ
1515,日鉄鉱
1518,三井松島
151A,ダイブ
152A,オプティ
153A,カウリス
1540,純金信託
1541,純プラ信
1542,純銀信託
1543,純パラ信
1545,ＮＦナスヘ無
1546,ＮＦダウヘ無
1547,上場米国
154A,ＧＡＩＡ
1550,ＭＸＳ外株
1551,スタンダト２０
1554,上場ＭＳ世
1555,上場Ａリート
1557,ＳＰＤＲ５００
1559,ＮＦタイ株
155A,情報戦略
1560,ＮＦマレーシア
1563,グロース・コア
1566,上場ＥＭ債
1568,ＴＰＸ２倍
1569,ＴＰＸ－１倍
156A,マテリアルＧ
1570,ＮＦ日経レハ
1571,ＮＦ日経イン
1572,Ｈ株ブル
1573,Ｈ株ベア
1577,ＮＦ高配７０
1578,上場２２５Ｍ
1579,日経２倍
157A,Ｇモンスター
1580,日経－１倍
1585,ｉＦＥＸ－Ｆ
1586,上場ＥＸ－Ｆ
158A,エクセリ
1591,ＮＦＪＰＸ４００
1592,上場Ｊ４００
1593,ＭＸＳ４００
1595,ＮＺＡＭＪリート
1596,ＮＺＡＭＥｘ－Ｆ
1597,ＭＸＳ Ｊリート
1599,ｉＦＪＰＸ４００
159A,ＮＦＪＰＸ１５０
1605,ＩＮＰＥＸ
160A,アズパートナ
1615,ＮＦ銀行業
1617,ＮＦ食品
1618,ＮＦエネ資源
1619,ＮＦ建設資
161A,三 葉
1620,ＮＦ素材化
1621,ＮＦ医薬品
1622,ＮＦ自動車
1623,ＮＦ鉄鋼非
1624,ＮＦ機械
1625,ＮＦ電機精
1626,ＮＦ情通他
1627,ＮＦ電ガス
1628,ＮＦ運輸物
1629,ＮＦ商社卸
162A,ＡＩセレクト
1630,ＮＦ小売
1631,ＮＦ銀行１７
1632,ＮＦ金融
1633,ＮＦ不動産
163A,半導体
164A,アップルパー
1651,ｉＦ高配４０
1652,ｉＦＷＩＮ
1653,ｉＦＥＳＧセレ
1654,ｉＦブロッサム
1655,ｉＳ５００米
1656,ｉＳコア米債
1657,ｉＳコア先進
1658,ｉＳコア新興
1659,ｉＳ米ＲＥＩＴ
1660,ＭＸＳ高利Ｊ
1662,石油資源
1663,Ｋ＆Ｏエナジー
166A,タスキＨＤ
1671,ＷＴＩ原油
1672,金ＥＴＦ
1673,銀ＥＴＦ
1674,プラチナＥＴＦ
1675,パラジＥＴＦ
1676,キンゾクＥＴＦ
1677,上場外債
1678,ＮＦインド株
1679,ＮＹダウ
167A,リョーサン菱
1680,上場ＭＳコク
1681,上場ＭＳエマ
1684,商品ＥＴＦ
1685,エナジーＥＴＦ
1686,メタルＥＴＦ
1687,アグリＥＴＦ
1688,穀物ＥＴＦ
1689,ガスＥＴＦ
168A,イタミアート
1690,原油ＥＴＦ
1691,ガソリンＥＴＦ
1692,アルミＥＴＦ
1693,銅ＥＴＦ
1694,ニッケルＥＴＦ
1695,小麦ＥＴＦ
1696,コーンＥＴＦ
1697,大豆ＥＴＦ
1698,上場配当
1699,ＮＦ原油先
170A,ＳＭＴ日好
1711,ＳＤＳＨＤ
1716,第一カッター
1717,明豊ファシリ
1718,美樹工業
1719,安藤ハザマ
171A,ゼロジャパ
1720,東急建設
1721,コムシスＨＤ
1723,日本電技
1724,シンクレイヤ
1726,ＢＲＨＤ
172A,ネオホーム
1736,オーテック
173A,ハンモック
1758,太洋基礎
175A,ウィルスマート
1762,高松Ｇ
1764,工藤建設
1766,東建コーポ
1768,ソネック
1770,藤田エンジ
1773,Ｙ Ｔ Ｌ
1776,三住道路
177A,コージンバイ
1780,ヤマウラ
1783,ｆａｎｔａｓｉｓ
1786,オリエ白石
1787,ナカボーテック
1788,三東工業
178A,ＧＸ革新優
1793,大本組
1795,マサル
1798,守谷商会
1799,第一建設
179A,ＧＸ超米Ｈ
1801,大成建
1802,大林組
1803,清水建
1807,佐藤渡辺
1808,長谷工
180A,ＧＸ超長米
1810,松井建
1811,銭高組
1812,鹿 島
1813,不動テトラ
1814,大末建
1815,鉄建建設
181A,ＭＸ米債１３
1820,西松建
1822,大豊建
1826,佐田建
1827,ナカノフドー
1828,田辺工
182A,ＭＸ米債２０
1833,奥村組
1835,東鉄工
183A,ＭＸ米２０ヘ
1840,土屋ＨＤ
1844,大盛工業
1847,イチケン
1848,富士Ｐ・Ｓ
184A,学びエイド
1850,南海辰村
1852,浅沼組
1853,森 組
185A,リサイクルテック
1860,戸田建
1861,熊谷組
1866,北野建
1867,植木組
186A,アストロスケール
1870,矢作建
1871,ピーエス
1873,日ハウスＨＤ
1878,大東建
1879,新日建
1882,東亜道
1885,東亜建
1887,日本国土
1888,若築建
188A,ＧＸ印度１０
1893,五洋建
1897,金下建
1898,世紀東
1899,福田組
189A,Ｄ＆Ｍカンパニ
1904,大成温
1905,テノックス
1909,日本ドライ
190A,Ｃｈｏｒｄｉａ
1911,住友林
1914,日基礎
191A,ミモザ
1921,巴コーポ
1925,大和ハウス
1926,ライト工
1928,積水ハウス
1929,日特建
192A,インテＧ
1930,北電事
1934,ユアテック
1938,日リーテック
1939,四電工
1941,中電工
1942,関電工
1944,きんでん
1945,東京エネシス
1946,トーエネク
1948,弘電社
194A,ＷＯＬＶＥＳ
1950,日本電設
1951,エクシオＧ
1952,日空調
1959,クラフティア
195A,ＭＵＳＣＡＴ Ｇ
1960,サンテック
1961,三機工
1963,日揮ＨＤ
1964,中外炉
1965,テクノ菱和
1966,高田工
1967,ヤマト
1968,太平電
1969,高砂熱
196A,ＭＦＳ
1972,三晃金
1975,朝日工
1976,明星工
1979,大気社
197A,タウンズ
1980,ダイダン
1981,協和日成
1982,日比谷
198A,ポストプライ
1992,神通機
1994,高橋ウォル
1997,暁飯島
199A,メディエア
2001,ニップン
2002,日清粉Ｇ
2003,日東富士
2004,昭和産
2009,鳥越粉
200A,ＮＦ日経半
2011,ＳＭ日高配
2012,ｉＳ米債０３
2013,米高配当
2014,ｉＳ米連増
2015,ｉＦ米７１０
2016,ｉＦ米７１０Ｈ
2017,ｉＦＪＰＸ１５０
2018,ＧＸＵＳリト２０
2019,ＧＸ優証隔
201A,ｉＳＮＩＦＴ５０
2031,ハンセンブル
2032,ハンセンベア
2033,ＫＯＳＰＩブル
2034,ＫＯＳＰＩベア
2036,金先ブル
2037,金先ベア
2038,ドバイブル
2039,ドバイベア
203A,シュンビン
2040,ＮＹダウブル
2041,ＮＹダウベア
2042,Ｇ２５０ＥＴＮ
2043,アセアン５０
2044,米配貴族
2045,シンガポルＲ
2046,インドブル
2047,インドベア
2048,高配ヘッジ
204A,タイヨーパッケ
2050,ニッチ中小
2053,中部飼
2055,日和産
205A,ロゴスＨＤ
2060,フィード・ワン
2065,日配貴族
2066,東リートＥＴＮ
2067,野村ＡＩ７０
2068,高ベータ３０
2069,低ベータ５０
206A,ＰＲＩＳＭＢｉｏ
2070,ＥＳＧ女性
2071,ＥＳＧ総合
2072,トップシェア
2073,ＥＳＧ低カボ
207A,ライジング
2080,ＰＢＲ１倍割
2081,政策保有
2082,投資家経
2083,日本成長
2084,日本高配
2085,ＭＸ高配日
2086,ＮＺＡＭＳＰ５Ｈ
2087,ＮＺＡＭＮＱ１Ｈ
2088,ＮＺＡＭＤｏｗＨ
2089,ＮＺＡＭＤＡＸＨ
208A,構造計画
2090,ＮＺＡＭ米７Ｈ
2091,ＮＺＡＭ独７Ｈ
2092,ＮＺＡＭ仏７Ｈ
2093,米債０２Ｌａ
2094,ＲＥＩＴインバ
2095,ＧＸＵＳ配ヘ
2096,ＧＸオフィスＪリ
2097,ＧＸ住宅Ｊリ
2098,ＧＸホテリテＪリ
209A,小野谷機
2108,甜菜糖
2109,ＤＭ三井糖
210A,ｉＦ日経リ
2112,塩水糖
2114,フジ日本
2117,ウェルネオ
211A,カドス
2120,ＬＩＦＵＬＬ
2121,ＭＩＸＩ
2122,Ｉスペース
2124,ＪＡＣＲ
2127,日本Ｍ＆Ａ
212A,フィットイージ
2130,メンバーズ
2134,キタハマキャピ
2136,ヒップ
2138,クルーズ
2139,中 広
213A,上日経半
2146,ＵＴ ＧＲＯＵＰ
2148,ＩＴＭ
2152,幼児活動
2153,イージェイＨＤ
2154,オープンＵＰ
2156,セーラー広告
2157,コシダカＨＤ
2158,ＦＲＯＮＴＥＯ
215A,タイミー
2160,ジーエヌアイ
2162,ｎｍｓ ＨＤ
2163,アルトナー
2164,地域新聞
2168,パソナＧ
2169,ＣＤＳ
216A,ライフクリエイト
2170,ＬＩＮＫ＆Ｍ
2173,博 展
2175,ＳＭＳ
2179,成学社
217A,サポート
2180,サニーサイド
2181,パーソルＨＤ
2183,リニカル
2185,シイエム・シイ
2186,ソーバル
218A,リベラウェア
2193,ＣＯＯＫ
2195,アミタＨＤ
2198,アイ・ケイ・ケイ
219A,ハートシード
2201,森永菓
2204,中村屋
2206,グリコ
2207,ｍｅｉｔｏ
2208,ブルボン
2209,井村屋Ｇ
220A,ファベル
2211,不二家
2212,山崎パン
2215,第一パン
2216,カンロ
2217,モロゾフ
221A,ＭＸ日経半
2220,亀田菓
2221,岩塚菓
2222,寿スピリッツ
2224,コ モ
2226,湖池屋
2229,カルビー
222A,ＮＩＣＳ
2235,上場ダウ
2236,ＧＸＵＳ配貴
2237,ｉＦ５００ダ
2238,ｉＦ５００ベア
2239,ＳＰレバ２倍
223A,ＧＸＡＩビック
2240,Ｓ＆Ｐインバ
2241,ＭＸＳダウ
2242,ＭＸＳダウヘ
2243,ＧＸ半導
2244,ＧＸＵＳテク２０
2245,ＮＦ独債７Ｈ
2246,ＮＦ仏債７Ｈ
2247,ｉＦ５００Ｈ無
2248,ｉＦ５００Ｈ有
2249,ｉＦ５００Ｗベ
224A,ＧＸウラニウム
2250,ｉＳ日気候
2251,ＪＧＢダブル
2252,ＧＸＵＳ中小
2253,ＧＸＵＳスーパ
2254,ＧＸ中国ＥＶ
2255,ｉＳ米債２０
2256,米総合債
2257,ｉＳＩＧ社債
2258,ｉＳＨＹ社債
2259,ｉＳフラ債Ｈ
2264,森永乳
2266,六甲バタ
2267,ヤクルト
2268,サーティワン
2269,明治ＨＤ
226A,勝美ジャ
2270,雪印メグ
227A,インサイトラボ
2281,プリマハム
2282,日本ハム
2286,林兼産
2288,丸大食
228A,オプロ
2291,福留ハム
2292,Ｓ Ｆｏｏｄｓ
2293,滝沢ハム
2294,柿安本店
2296,伊藤米久
229A,アスミＨＤ
2300,きょくと
2301,学 情
2303,ドーン
2304,ＣＳＳＨＤ
2305,スタジオアリス
2307,クロスキャット
2311,エプコ
2315,ＣＡＩＣＡ Ｄ
2317,システナ
2321,ソフトフロントＨ
2323,ｆｏｎｆｕｎ
2325,ＮＪＳ
2326,デジアーツ
2327,ＮＳＳＯＬ
2329,東北新社
2330,フォーサイド
2331,ＡＬＳＯＫ
2332,クエスト
2334,イオレ
2335,キューブシス
2337,いちご
2338,クオンタムＳ
233A,ｉＦインドＮ
2340,極楽湯ＨＤ
2341,アルバイトタイ
2342,トランスＧＧ
2344,平安レイ
2345,クシム
2349,エヌアイデイ
234A,ＧＸＣＦキング
2351,ＡＳＪ
2353,日 駐
2354,ＹＥ ＤＩＧＩＴ
2359,コ ア
235A,ＧＸ高配３０
236A,ｉＳ日７１０
2370,ＭＤＮＴ
2371,カカクコム
2373,ケア２１
2375,ギグワークス
2376,サイネックス
2378,ルネサンス
2379,ディップ
237A,ｉＳ米債２５
2384,ＳＢＳＨＤ
2385,総医研
2388,ウェッジＨＤ
238A,米債２５Ｈ
2391,プラネット
2393,日本ケア
2395,新日科学
239A,バレッグス
2404,鉄人化ＨＤ
2408,ＫＧ情報
2410,キャリアＤＣ
2411,ゲンダイＡＧ
2413,エムスリー
2415,ヒューマンＨＤ
2418,ツカダＧＨＤ
241A,ＲＯＸＸ
2424,ブラス
2425,ケアサービス
2428,ウェルネット
2429,ワールドＨＤ
2432,ＤｅＮＡ
2433,博報堂ＤＹ
2435,シダー
2436,共同ＰＲ
2437,シンワワイズ
2438,アスカネット
243A,トップス
2440,ぐるなび
2445,タカミヤ
2449,プラップＪ
244A,グロースエクス
2452,ＣＭＩＮＤ
2454,オールアバウト
2459,アウンコンサル
245A,ＩＮＧＳ
2461,ファンコミ
2462,ライク
2464,Ａｏｂａ－ＢＢＴ
2469,ヒビノ
246A,アスア
2471,エスプール
2475,ＷＤＢ
2477,手間イラズ
2479,ジェイテック
247A,Ａｉロボティク
2480,シスロケ
2481,タウンニュース
2483,翻訳センター
2484,出前館
2485,ティア
2488,ＪＴＰ
2489,アドウェイズ
248A,キッズスター
2491,Ｖコマース
2492,インフォマート
2493,イーサポート
2497,ＵＮＩＴＥＤ
2498,オリコンＨＤ
2499,日本和装
249A,ヒューマンＡ
2501,サッポロＨＤ
2502,アサヒ
2503,キリンＨＤ
250A,シマダヤ
2510,ＮＦ国内債
2511,ＮＦ外債
2512,ＮＦ外債ヘ
2513,ＮＦ外株
2514,ＮＦ外株ヘ
2515,ＮＦ外ＲＥＩＴ
2516,Ｇ２５０ＥＴＦ
2517,ＭＸＳＪＲＥコア
2518,ＮＦ女性活
2519,ＮＦ新興債
251A,ニューロマジク
2520,ＮＦ新興株
2521,上場米ＨＥ
2522,ｉＳロボット
2523,ＭＸＳト除金
2524,ＮＺＡＭ ＴＰＸ
2525,ＮＺＡＭ ２２５
2526,ＮＺＡＭ ４００
2527,ＮＺＡＭＪリコア
2528,ｉＦＪリートコア
2529,ＮＦ株主還
252A,ウェッジ
2530,ＭＸＳ Ａ１８０
2531,宝ＨＤ
2533,オエノンＨＤ
253A,ＥＴＳＧ
2540,養命酒
254A,ＡＩフュージョ
2552,上ＪリートＭ
2553,ＣＳＩ５００
2554,ＮＦ米債ヘ
2555,東証ＲＥＩＴ
2556,ＯｎｅＪリート
2557,ＳＭＤＡＭトピ
2558,ＭＸＳ米株
2559,ＭＸＳ世界
255A,ジーエルテクノ
2560,ＭＸＳカーボン
2561,ｉＳ日国債
2562,上場ダウＨ
2563,ｉＳ５００米Ｈ
2564,ＧＸＳディビ
2565,ＧＸロジＪリ
2566,上場ＥＳＧリ
2567,ＮＺＡＭカーボ
2568,上場ＮＳＱ
2569,上場ＮＳＱヘ
256A,飛島ＨＤ
2573,北海コカ
2579,コカコーラＢＪＨ
257A,ＳＭＴ日厳
2585,ライフドリンク
2586,フルッタフルッタ
2587,サントリーＢＦ
2588,Ｐウォーター
258A,ＳＭＴ内リート
2590,ＤｙＤｏ
2593,伊藤園
25935,#N/A
2594,キーコーヒー
2597,ユニカフェ
2602,日清オイリオ
2607,不二製油
2612,かどや
2613,Ｊオイル
261A,日水コン
2620,ｉＳ米債１３
2621,米債２０Ｈ
2622,新興債Ｈ
2623,ユロ社債Ｈ
2624,ｉＦ２２５年４
2625,ｉＦＴＰＸ年４
2626,ＧＸデジタル
2627,ＧＸｅコマース
2628,ｉＦＳＴＡＲ５０
2629,ｉＦＧＢＡ１００
262A,インターメスティ
2630,ＭＸＳ米株ヘ
2631,ＭＸＳナス１００
2632,ＭＸＳナ１００ヘ
2633,ＮＦＳ＆Ｐ５００
2634,ＮＦＳＰ５００ヘ
2636,ＧＸガバ日
2637,ＧＸクリーン日
2638,ＧＸロボ＆ＡＩ
2639,ＧＸバイオメト
263A,デジタルキュ
2640,ＧＸゲームアニ
2641,ＧＸＧリーダー
2642,ＳＭＴテイタンソ
2643,ＭＳＣＩ日セレ
2644,ＧＸ半導体
2645,ＧＸレジ＆エン
2646,ＧＸメタルビ
2647,ＮＦ米債７
2648,ＮＦ米債７Ｈ
2649,ＧＮＭＡ債Ｈ
264A,Ｓｃｈｏｏ
2652,マンダラケ
2653,イオン九州
2654,アスモ
2656,ベクターＨＤ
2659,サンエー
265A,エイチエムコム
2664,カワチ薬品
2666,オートウェーブ
2667,イメージワン
2668,タビオ
2669,カネ美食品
266A,グローカルマケ
2670,ＡＢＣ マート
2673,夢 隊
2674,ハードオフ
2676,高千穂交
2678,アスクル
267A,トワライズ
2681,ゲオＨＤ
2683,魚 喜
2685,アンドエスティ
2686,ジーフット
2687,シーヴイエス
2689,オルバヘルケア
268A,リガク
2692,伊藤忠食
2693,ＹＫＴ
2694,焼肉坂井
2695,くら寿司
2698,キャンドゥ
269A,Ｓａｐｅｅｔ
2700,木徳神糧
2702,マクドナルド
2705,大戸屋ＨＤ
2708,久 世
271A,アクセリア
2721,ＪＨＤ
2722,ＩＫＨＤ
2726,パルＧＨＤ
2730,エディオン
2733,あらた
2734,サーラ
2735,ワッツ
2736,フェスタリアＨＤ
2737,トーメンデバ
273A,ＳＢＩサウジ
2742,ハローズ
2747,北雄ラッキー
2749,ＪＰＨＤ
274A,ガーデン
2750,石光商事
2751,テンポスＨＤ
2752,フジオフドＧ
2753,あみやき
2760,東エレデバ
2762,ＳＡＮＫＯ ＭＦ
2763,エフティＧ
2764,ひらまつ
2767,円谷フィール
2768,双 日
2769,ヴィレッジＶ
276A,ククレブ
2776,新都ＨＤ
2778,パレモ・ＨＤ
277A,グロービンク
2780,コメ兵ＨＤ
2782,セリア
2784,アルフレッサＨＤ
2788,アップル
2789,カルラ
278A,テラドローン
2790,ナフコ
2791,大黒天
2792,ハニーズＨＬＤ
2795,プリメックス
2796,ファーマライズ
2798,Ｙ’Ｓ
279A,インターグ
2801,キッコーマン
2802,味の素
2804,ブルドック
2805,エスビー
2806,ユタカフーズ
2809,キユーピー
280A,ＴＭＨ
2810,ハウス食Ｇ
2811,カゴメ
2813,和弘食
2814,佐藤食
2815,アリアケ
2816,ダイショー
2818,ピエトロ
2819,エバラ食品
281A,インフォメティス
2820,やまみ
282A,ＧＸ半導１０
2831,はごろも
2836,ＧＸフィンテック
2837,ＧＸ中小リ
2838,ＭＸ米債７
2839,ＭＸ米債７ヘ
283A,ＧＸＵＳテク配
2840,ｉＦナス１００
2841,ｉＦナス１００Ｈ
2842,ｉＦナ１００ベ
2843,上豪債ＨＥ
2844,上場豪債
2845,ＮＦナスヘッジ
2846,ＮＦダウＨＥ
2847,ＧＸ成長イン
2848,ＧＸ気候変
2849,ＧＸ高ＥＳＧ
284A,フクヤ建設
2851,ｉＳＭＳＪＳＲＩ
2852,ｉＳグリンＪリ
2853,気候債Ｈ
2854,ＧＸテック２０
2855,ＧＸグリＪリ
2856,米債３７Ｈ
2857,ドイツ債Ｈ
2858,ＧＸ日経カ
2859,ＳＴＯＸＸヘジ
285A,キオクシアＨＤ
2860,ＤＡＸヘッジ
2861,上フランス債
2862,上フラ債Ｈ
2864,ＧＸロジリート
2865,ＧＸＮＤＸカバ
2866,ＧＸ優先証
2867,ＧＸ自動ＥＶ
2868,ＧＸＳＰＸカバ
2869,ｉＦナ１００ダ
286A,ユカリア
2870,ｉＦナ１００Ｄイ
2871,ニチレイ
2872,セイヒョー
2874,ヨコレイ
2875,東洋水産
2876,デルソーレ
2877,日東ベスト
287A,黒田Ｇ
2882,イートアンドＨ
2883,大 冷
2884,ヨシムラフード
288A,ラクサス
2892,日食品
2894,石井食
2897,日清食ＨＤ
2901,ウェルディッシ
2903,シノブフース
2904,一正蒲
2907,あじかん
2908,フジッコ
290A,Ｓｙｎｓ
2910,ロックフィール
2911,旭松食
2914,Ｊ Ｔ
2915,ケンコーマヨ
2916,仙波糖化
2917,大森屋
2918,わらべや
291A,リスキル
2922,なとり
2923,サトウ食品
2924,イフジ産業
2926,篠崎屋
2927,ＡＦＣ－ＨＤ
2929,ファーマフーズ
292A,エスアイイー
2930,北の達人
2931,ユーグレナ
2932,ＳＴＩフードＨ
2933,紀文食品
2934,Ｊフロンティア
2935,ピックルスＨＤ
2936,ベースフード
2937,サンクゼール
2938,オカムラ食品
293A,ＢＡＢＹ ＪＯＢ
294A,ＮＦ日気候
295A,Ｏｎｅサウジ
2961,日本調理
2962,テクニスコ
296A,令和ＡＨ
2970,ＧＬＣ Ｇ
2971,エスコンＪＰＮ
2972,サンケイＲＥ
2975,スターマイカＨＤ
2978,ツクルバ
2979,ＳＯＳｉＬＡ
297A,アルピコＨＤ
2980,ＳＲＥＨＤ
2981,ランディックス
2982,ＡＤワークスＧ
2983,アールプランナ
2984,ヤマイチ
2985,ファストステジ
2986,ＬＡＨＤ
2989,東海道ＲＥ
298A,ＧＶＡＴＥＣＨ
2990,アイダ設計
2991,ランドネット
2992,アーバンライク
2993,長 栄
2994,アンサーＨＤ
2995,ジェイレックス
2997,ストレージ王
2998,クリアル
2999,ホームポジ
299A,クラシル
3001,片 倉
3002,グンゼ
3003,ヒューリック
3004,神 栄
300A,ＭＩＣ
3010,ポラリスＨＤ
3011,バナーズ
301A,インデックス
3020,アプライド
3021,ＰＣＮＥＴ
3023,ラサ商事
3024,クリエイト
3028,アルペン
302A,ビースタイル
3030,ハ ブ
3031,ラクーンＨＤ
3034,クオールＨＤ
3035,ＫＴＫ
3036,アルコニックス
3038,神戸物産
303A,ｖｉｓｕｍｏ
3040,ソリトン
3041,ビカダンＨＤ
3042,セキュアヴェイ
3045,カワサキ
3046,ＪＩＮＳＨＤ
3048,ビックカメラ
304A,フォルシア
3050,ＤＣＭ
3053,ペッパー
3054,ハイパー
3058,三洋堂ＨＤ
3059,ヒラキ
305A,ダブルツリー
3063,ｊＧｒｏｕｐ
3064,ＭｏｎｏｔａＲＯ
3065,ライフフーズ
3067,東京一番
3068,ＷＤＩ
3069,ＪＦＬＡＨＤ
3070,ジェリービー
3071,ストリーム
3075,銚子丸
3076,あいＨＤ
3077,ホリイフード
3079,ＤＶｘ
307A,ハウジングＳ
3080,ジェーソン
3082,きちりＨＤ
3083,スターシーズ
3086,Ｊフロント
3087,ドトル日レス
3088,マツキヨココカラ
3089,テクノアルファ
308A,ぽすとＨＤ
3091,ブロンコＢ
3092,ＺＯＺＯ
3093,トレファク
3096,オーシャン
3097,物語コーポ
3099,ミツコシイセタン
309A,コスモス調剤
3101,東洋紡
3103,ユニチカ
3104,富士紡ＨＤ
3105,日清紡ＨＤ
3106,クラボウ
3107,ダイワボＨＤ
3109,シキボウ
310A,サーティーフォー
3110,日東紡
3111,オーミケンシ
3113,ＵＮＩＶＡＯａｋ
3116,トヨタ紡織
311A,ＮＰＴ
3121,マーチャント
3123,サイボー
312A,シンコーＨＤ
3131,シンデンハイテ
3132,マクニカＨＤ
3133,海 帆
3134,Ｈａｍｅｅ
3135,マーケットエンタ
3137,ファンデリー
3138,富士マガ
3139,ラクトＪＰＮ
313A,ｉＳＳＰ５００Ｔ
3140,ＢＲＵＮＯ
3143,オーウイル
3148,クリエイトＳＤＨ
314A,ｉＳゴールド
3150,グリムス
3151,バイタルＫＳＫ
3153,八洲電機
3154,メディアスＨＤ
3156,レスター
3157,ジオリーブＧ
3159,丸善ＣＨＩ
315A,ＧＸ銀高配
3160,大 光
3161,アゼアス
3166,ＯＣＨＩ・ＨＤ
3167,ＴＯＫＡＩ ＨＤ
3168,ＭＥＲＦ
3169,ミサワ
316A,ｉＦＦＡＮＧ＋
3172,ティーライフ
3173,Ｃｏｍｉｎｉｘ
3174,ハピネス＆Ｄ
3175,ＡＰＨＤ
3176,三洋貿易
3177,ありがと
3178,チムニー
3179,シュッピン
317A,ＳＭＳＤＴｅｃｈ
3180,Ｂガレージ
3181,買取王国
3182,オイラ大地
3183,ウインパートナ
3184,ＩＣＤＡ
3185,夢展望
3186,ネクステージ
3187,ミラタップ
3189,ＡＮＡＰ
318A,ＶＩＸ先ＥＴＦ
3190,ホットマン
3191,ジョイ本田
3192,白 鳩
3193,エターナルホスヒ
3195,ジェネパ
3196,ホットランドＨ
3197,すかいＨＤ
3198,ＳＦＰ
3199,綿半ＨＤ
319A,技術承継
3201,ニッケ
3202,ダイトウボウ
3204,トーア紡
3205,ダイドリミ
320A,Ｄ＆Ｉ
321A,ヒューマンＳＨＤ
3221,ヨシックスＨＤ
3222,Ｕ．Ｓ．Ｍ．Ｈ
3223,エスエルディー
3224,Ｇオイスター
3226,三井不アコ
322A,ヒメジ理化
3231,野村不ＨＤ
3232,三交ＧＨＤ
3234,森ヒルズ
3236,プロパスト
3237,イントランス
3238,セントラル総
323A,フライヤー
3241,ウィル
3242,アーバネット
3245,ディア・ライフ
3246,コーセーアールイ
3248,アールエイジ
3249,産業ファ
324A,ブッキングＲ
3252,地 主
325A,ＴＥＮＴＩＡＬ
3261,グランディー
3266,ファンドクリＧ
3267,フィルカンパニ
3269,ＡＤＲ
326A,エアロラボ
3271,グロバル社
3276,ＪＰＭＣ
3277,サンセイランデ
3279,ＡＰＩ
3280,エストラスト
3281,ＧＬＰ
3282,コンフォリア
3283,プロロジス
3284,フージャース
3286,トラストＨＤ
3287,星野ＲＲ
3288,オープンハウス
3289,東急不ＨＤ
328A,ＧＸ価格パ
3290,Ｏｎｅリート
3291,飯田ＧＨＤ
3292,イオンリート
3293,アズマハウス
3294,イーグランド
3295,ヒューリックＲＥ
3296,日本リート
3297,東武住販
3299,ムゲンエステト
329A,ジール
3300,アンビション
3302,帝繊維
3306,日本麻
3309,積水ハウスＲ
330A,ＴａｌｅｎｔＸ
3315,日本コークス
3317,フライングＧ
331A,メディックス
3320,クロスプラス
3321,ミタチ
3323,レカム
3326,ランシステム
3329,東和フード
332A,ミーク
3333,あさひ
333A,テクノスマイル
3349,コスモス薬品
334A,ＶＰＪ
3350,メタプラネット
3352,バッファロー
3353,メディ一光
3355,クリヤマＨＤ
3358,Ｔｒａｉｌｈｅａ
3359,ｃｏｔｔａ
335A,ミライロ
3360,シップＨＤ
3361,トーエル
336A,ダイナミクマ
3370,フジタコーポ
3371,ソフトクリエＨＤ
3372,関門海
3374,内外テック
3375,ＺＯＡ
3377,バイク王
3382,７＆Ｉ－ＨＤ
3386,コスモ・バイオ
3387,クリレスＨＤ
3388,明治電機
338A,Ｚｅｎｍｕ
3391,ツルハＨＤ
3392,デリカフーズ
3393,スターティアＨＤ
3395,サンマルクＨＤ
3396,フェリシモ
3397,トリドールＨＤ
3399,山岡家
339A,プログレス
3401,帝 人
3402,東 レ
3405,クラレ
3407,旭化成
3409,北 紡
340A,ジグザグ
3415,トウキョベース
3416,ピクスタ
3417,大木ヘルケア
3418,バルニバーヒ
341A,トヨコー
3420,ケーエフシー
3421,稲葉製作
3422,Ｊ－ＭＡＸ
3423,エスイー
3426,アトムリビン
3431,宮地エンジ
3433,トーカロ
3434,アルファＣｏ
3435,サンコーテクノ
3436,ＳＵＭＣＯ
3437,特殊電極
3439,三ツ知
343A,ＩＡＣＥトラベ
3440,日創Ｇ
3441,山 王
3443,川田ＴＥＣＨ
3444,菊池製作
3445,ＲＳＴＥＣＨ
3446,ＪＴＥＣＣＯＲＰ
3447,信 和
3448,清鋼材
3449,テクノフレックス
3450,サトウ産業
3451,トーセイ・リート
3452,ビーロット
3454,Ｆブラザース
3455,ＨＣＭ
3457,ＡｎｄＤｏＨＬＤ
3459,サムティレジ
345A,高配当成
3461,パルマ
3462,ＮＭＦ
3463,いちごホテ
3465,ケイアイスター
3466,ラサールロジ
3467,アグレ都市
3468,スターアジア
3469,デュアルタプ
346A,ＳＰ５００半
3470,マリモリート
3471,三井不ＬＰ
3472,日本ホテル
3474,Ｇ－ＦＡＣ
3475,グッドコムＡ
3476,Ｒみらい
3477,フォーライフ
3479,ＴＫＰ
347A,グロースパワ
3480,Ｊ．Ｓ．Ｂ．
3481,三菱物流
3482,ロードスター
3483,翔 栄
3484,イノベーション
3486,グロバルリン
3487,ＣＲＥロジ
3488,セントラルリート
3489,フェイスＮＷ
348A,ＭＸＳ読３３３
3490,アズ企画
3491,ＧＡ ＴＥＣＨ
3492,ＭＩＲＡＲＴＨ
3494,マリオン
3495,香陵住販
3496,アズーム
3498,霞ヶ関キャ
349A,ＳＭ日本グ
3501,ＳＵＭＩＮＯＥ
350A,デジタルグ
3512,日フエルト
3513,イチカワ
351A,アクシスＩＴＰ
3521,テルマー湯ＨＤ
3524,日東網
3529,アツギ
352A,ＬＯＩＶＥ
3536,アクサスＨＤ
3537,昭栄薬品
3538,ウイルプラスＨ
3539,ＪＭＨＤ
3542,ＶＥＧＡ
3543,コメダ
3544,サツドラＨＤ
3546,アレンザＨＤ
3547,串カツ田中
3548,バロック
3549,クスリのアオキ
354A,ｉＦ高配５０
3550,スタジオアタオ
3551,ダイニック
3553,共和レザ
3556,リネットＪＰＮ
3557,Ｕ＆Ｃ
3558,ジェイドＧ
3559,ピーバン
355A,ナウビレッジ
3560,ほぼ日
3561,力の源ＨＤ
3562,Ｎｏ．１
3563,Ｆ＆ＬＣ
3565,アセンテック
3566,ユニネク
3569,セーレン
356A,ＧＸＳＰＣ１００
3571,ソトー
3577,東海染
357A,エフアンドエフ
3580,小松マテーレ
3583,オーベクス
358A,ゼン・ランド
3591,ワコールＨＤ
3593,ホギメディ
3597,自重堂
3598,山 喜
359A,ネクストステジ
3600,フジックス
3607,クラウディアＨ
3608,ＴＳＩ ＨＤ
360A,リートコア
3611,マツオカ
3612,ワールド
361A,リビングハウ
3622,ネットイヤー
3623,ビリングシス
3624,アクセルマーク
3625,テックファーム
3626,ＴＩＳ
3627,テクミラ
3628,データＨＲ
362A,エクシオＨＤ
3632,グリーＨＤ
3633,ＧＭＯペパ
3634,ソケッツ
3635,コーエーテクモ
3636,三菱総研
3639,ボルテージ
363A,ｉＦ英Ｆ１００
3640,電 算
3641,パピレス
3645,メディカネット
3646,駅 探
3647,ジースリーＨＤ
3648,ＡＧＳ
3649,ファインデクス
364A,Ｓ＆Ｐ５００配
3652,ＤＭＰ
3653,モルフォ
3656,ＫＬａｂ
3657,ポールＨＤ
3659,ネクソン
365A,伊澤タオル
3660,アイスタイル
3661,エムアップＨＤ
3662,エイチームＨＤ
3663,セルシス
3664,モブキャストＨ
3665,エニグモ
3667,ｅｎｉｓｈ
3668,コロプラ
366A,ウェルネスＣ
3670,協立情報
3671,ソフトマックス
3672,オルトプラス
3673,ブロドリーフ
3674,オークファン
3675,クロスマーケＧ
3676,デジハＨＤ
3678,メディアドゥ
3679,じげん
367A,プリモＧＨＤ
3680,ホットリンク
3681,ブイキューブ
3682,エンカレッジ
3683,サイバリンクス
3686,ＤＬＥ
3687,フィックスタース
368A,北里コーポ
3690,イルグルム
3691,デジプラス
3692,ＦＦＲＩ
3694,オプティム
3695,ＧＭＯ－ＰＰ
3696,セレス
3697,ＳＨＩＦＴ
3698,ＣＲＩ・ＭＷ
369A,エータイ
3708,特種東海
370A,リバイブル
3710,ジョルダン
3712,情報企画
3719,ＡＩストーム
371A,デージーネト
3723,ファルコム
3726,フォーシーズＨ
3727,ＡＰＬＩＸ
372A,レント
3733,ソフトウェアサー
373A,リップス
3741,セック
3744,サイオス
3747,インタトレード
374A,樋口総合
3750,ＡＤＲ１２０Ｓ
3753,フライト
3758,アエリア
375A,ＹＡＫＨＤ
3760,ケイブ
3762,テクマトリックス
3763,プロシップ
3765,ガンホー
3766,システムズＤ
3768,リスクモンスター
3769,ＧＭＯＰＧ
376A,米債７１０ヘ
3771,システムリサーチ
3772,ウェルス
3773,ＡＭＩ
3774,ＩＩＪ
3776,ブロバンタワ
3777,環境フレン
3778,さくら
3779,Ｊ・エスコムＨＤ
3787,テクノマセマティ
3788,ＧＭＯＧＳＨＤ
378A,ヒット
3791,ＩＧポート
3793,ドリコム
3796,いい生活
3798,ＵＬＳ－Ｇ
3799,キーウェア
379A,ＧＸＳＰＸプロ
3800,ユニリタ
3802,エコミック
3803,イメージＩＮＦ
3804,システムディ
3807,フィスコ
380A,ＧＸチャイナテク
3810,サイバーＳＨＤ
3815,メディ工房
3816,大和コン
3817,ＳＲＡＨＤ
381A,ｉＦ米債３５
3823,ＷＨＹＨＯＷＤＯ
3825,ＲＥＭＩＸ
3826,システムインテ
382A,ｉＦ米３５Ｈ
3834,朝日ネット
3835,ｅＢＡＳＥ
3836,アバントＧ
3837,アドソル
3839,ＯＤＫ
383A,ＭＸＳＳＰ５００
3840,ＰＡＴＨ
3841,ジーダット
3842,ネクストジェン
3843,フリービット
3844,コムチュア
3845,アイフリーク
3848,データアプリ
3850,ＮＴＴＤＩＭ
3851,日本一Ｓ
3853,アステリア
3854,アイル
3856,Ａｂａｌａｎｃｅ
3858,ユビキタスＡＩ
385A,山本通産
3861,王子ＨＤ
3863,日本紙
3864,三菱紙
3865,北越コーポ
386A,みのや
3877,中越パル
3878,巴川コーポ
387A,フラー
3880,大王紙
3891,高度紙
3892,岡山製紙
3895,ハビックス
3896,阿波製紙
389A,八光オート
3900,クラウドワクス
3901,マークラインズ
3903,ｇｕｍｉ
3904,カヤック
3905,データＳＥＣ
3907,シリコンスタシオ
3908,コラボス
3909,ショーケース
3910,エムケイシステム
3911,Ａｉｍｉｎｇ
3912,モバファク
3913,ＧｒｅｅｎＢｅｅ
3914,ＪＩＧ－ＳＡＷ
3915,テラスカイ
3916,ＤＩＴ
3917,アイリッジ
3918,ＰＣＩＨＤ
3920,アイビーシー
3921,ネオジャパン
3922,ＰＲＴＩＭＥＳ
3923,ラクス
3925,Ｄ Ｓ
3926,オープンドア
3927,フーバーブレ
3928,マイネット
3929,ソーシャルワイヤ
392A,ｉＳＱトップ
3930,はてな
3931,バリュゴルフ
3932,アカツキ
3933,チエル
3934,ベネフィットＪ
3935,エディア
3936,グロバルウェ
3937,Ｕｂｉｃｏｍ
3939,カナミックＮ
393A,ＲｉｔａＸ
3940,ノムラシステム
3941,レンゴー
3943,大石産業
3944,古林紙
3945,スパバック
3946,トーモク
3947,ダイナパック
3948,光ビジ
394A,業界テレビ
3950,ザ・パック
3951,朝日印刷
3953,大村紙業
3954,ＰＡＸＸＳ
3955,イムラ
3958,笹徳印刷
395A,業界地銀
3962,チェンジＨＤ
3963,シンクロフード
3964,オークネット
3965,ＣＡＰ
3967,エルテス
3968,セグエ
3969,エイトレッド
396A,業界ＲＥＩＴ
3970,イノベーション
3974,ＳＣＡＴ
3976,シャノン
3979,うるる
3981,ビーグリー
3983,オ ロ
3984,ユーザローカル
3985,テモナ
3986,ビーブレイク
3987,エコモット
3988,ＳＹＳＨＤ
3989,シェアリングＴ
398A,リアルクオリティ
3991,ウォンテッドリ
3992,ニーズウェル
3993,ＰＫＳＨＡ
3994,マネフォワード
3996,サインポスト
3997,トレードワクス
3998,すららＮＴ
399A,上日高５０
4004,レゾナックＨＤ
4005,住友化
4008,住精化
4011,ヘッドウォータ
4012,アクシス
4013,勤次郎
4014,カラダノート
4015,ペイクラウド
4016,ＭＩＴＨＤ
4017,クリーマ
4019,スタメン
401A,霞ヶ関ホテ
4020,ビートレンド
4021,日産化
4022,ラサ工
4023,クレハ
4025,多木化
4026,神島化
4027,テイカ
4028,石原産
402A,アクセルスペ
4031,片倉コープ
403A,北條組
4040,南海化学
4041,日曹達
4042,東ソー
4043,トクヤマ
4044,セ硝子
4045,東亜合成
4046,大阪ソーダ
4047,関電化
404A,ＧＸ中国１０
4051,ＧＭＯ－ＦＧ
4052,フィーチャ
4053,サンアスタリスク
4054,日本情報
4055,ティアンドエス
4056,ニューラル
4057,インタファクトリ
4058,トヨクモ
4059,まぐまぐ
405A,コヤマ・ミライエ
4060,ｒａｋｕｍｏ
4061,デンカ
4062,イビデン
4063,信越化
4064,カーバイド
4068,ベイシス
4069,ＢｌｕｅＭｅｍｅ
406A,環境ミカタＨ
4071,プラスアルファ
4072,電算シスＨＤ
4073,ジィ・シィ企
4074,ラキール
4075,ブレインズ
4076,シイエヌエス
4078,堺化学
407A,ＵＮＩＣＯＮＨＤ
4082,稀元素
4088,エア・ウォーター
408A,ｉＳベストＡＩ
4091,日本酸素
4092,日本化
4093,東邦アセチレ
4094,日化産
4095,パーカライ
4097,高圧ガス
4098,チタン工
4099,四国化ＨＤ
409A,オリオンビール
4100,戸田工
4102,丸尾カル
4107,伊勢化
4109,ステラケミファ
410A,ＧＭＯコマース
4112,保土谷
4113,田岡化
4114,日触媒
4116,大日精
4118,カネカ
4119,ピグメントＨ
411A,マリタイムバン
4120,スガイ化
4124,大阪油化
4125,三和油化
412A,台湾テク５０
413A,ｉＦ台湾テク
414A,オーバラップ
4151,協和キリン
415A,ＧＭＯＴＥ－ＨＤ
4165,プレイド
4166,かっこ
4167,ココペリ
4168,ヤプリ
4169,エネチェンジ
416A,富士ユナイト
4170,ＫａｉｚｅｎＰＦ
4171,グローバルＩ
4172,Ｈｉクラテス
4174,アピリッツ
4175,ｃｏｌｙ
4176,ココナラ
4177,ｉ－ｐｌｕｇ
4178,Ｓイノベション
4179,ジーネクスト
417A,ブルーゾーン
4180,Ａｐｐｉｅｒ
4182,三菱ガス
4183,三井化学
4186,応化工
4187,大有機
4188,三菱ケミＧ
4189,ＫＨネオケム
4192,スパイダーＰ
4193,ファブリカＨＤ
4194,ビジョナル
4196,ネオマーケ
4197,アスマーク
4198,テンダ
4199,ワンプラ
419A,ラングローブ
4202,ダイセル
4203,住友ベ
4204,積水化
4205,ゼオン
4206,アイカ工
4208,ＵＢＥ
4212,積水樹
4216,旭有機材
4218,ニチバン
421A,ムービン
4220,リケンテクノス
4221,大倉工
4222,児玉化
4224,ロンシル工
4228,積化成
4229,群栄化
422A,ｔａｎｅ－Ｃ
4231,タイガポリ
4234,サンエー化研
4235,ＵＦＨＤ
4237,フジプレアム
4238,ミライアル
423A,ライオン事務
4240,クラスターテクノ
4241,アテクト
4242,タカギセイコー
4243,ニックス
4245,ダイキアクシス
4246,ＤＮＣ
4247,ポバール興
4248,竹本容器
4249,森 六
424A,ＧＸゴルドＨ
4251,恵 和
4255,ＴＨＥＣＯＯ
4256,サインド
4258,網 屋
4259,エクサウィザー
425A,ＧＸゴールド
4260,ハイブリテク
4261,アジアクエスト
4262,ニフティライフ
4263,サスメド
4264,セキュア
4265,ＩＧＳ
426A,ＳＰ５００Ｈ無
4270,ＢｅｅＸ
4272,日化薬
4274,細谷火
4275,カーリット
4284,ソルクシーズ
4286,ＣＬＨＤ
4287,ジャストプラ
4288,アズジェント
428A,サイプレスＨＤ
4290,Ｐ Ｉ
4293,セプテーニＨＤ
4299,ハイマックス
429A,テクセンド
4301,アミューズ
4307,ＮＲＩ
4308,Ｊストリーム
430A,ネクストハンズ
4310,Ｄ Ｉ
4316,ビーマップ
4317,レ イ
4318,クイック
431A,ユーソナー
4320,ＣＥＨＤ
4323,日シス技術
4324,電通Ｇ
4326,インテージＨＤ
432A,クリニファー
4331,Ｔ＆Ｇニーズ
4334,ユークス
4335,ＩＰＳＨＤ
4337,ぴ あ
433A,ＭＪＥ
4341,西菱電機
4343,ファンタジー
4344,ソースネクスト
4345,シーティーエス
4346,ＮＥＸＹＺ．Ｇ
4347,ブロメディア
434A,ＬＯＯＰＬＡＣＥ
4350,メディカルシス
4351,山田債権
4356,応用技術
435A,ｉＦ日配ロテ
4360,マナックケミカル
4361,川口化
4362,日精化
4365,松本油
4366,ダイトーケミ
4367,広栄化学
4368,扶桑化学
4369,トリケミカル
436A,サイバーＳＯＬ
4370,モビルス
4371,ＣＣＴ
4372,ユミルリンク
4373,シンプレクスＨ
4374,ロボペイ
4375,セーフィー
4376,くふうＣ
4377,ワンキャリア
4378,ＣＩＮＣ
4379,フォトシンス
437A,ジェイウェイ
4380,Ｍマート
4381,ビープラッツ
4382,ＨＥＲＯＺ
4384,ラクスル
4385,メルカリ
4386,ＳＩＧ Ｇ
4387,ＺＵＵ
4388,エーアイ
4389,プロパティＤ
438A,インフキュリオン
4390,ｉｐｓ
4391,ロジザード
4392,ＦＩＧ
4393,バンクイノベ
4394,エクスモーション
4395,アクリート
4396,システムサポＨ
4397,チームスピリト
4398,ＢＢＳｅｃ
439A,アクトビ
4401,ＡＤＥＫＡ
4403,日 油
4404,ミヨシ
4406,日理化
4409,東邦化
4410,ハリマ化成Ｇ
4412,サイエンスアーツ
4413,ボードルア
4414,フレクト
4415,ブロドエンタ
4416,ＴｒｕｅＤａｔａ
4417,グローセキュ
4418,ＪＤＳＣ
4419,Ｆｉｎａｔｅｘｔ
441A,Ｎ Ｅ
4420,イーソル
4421,ＤＩシステム
4422,ＶＡＬＵＥＮＥＸ
4424,Ａｍａｚｉａ
4425,Ｋｕｄａｎ
4426,パスロジ
4427,ＥｄｕＬａｂ
4428,シノプス
4429,リックソフト
442A,クラシコ
4430,東海ソフト
4431,スマレジ
4432,ウイングアーク
4433,ヒトコムＨＤ
4434,サーバーワクス
4436,ミンカブ
4437,ＧＤＨ
4438,Ｗｅｌｂｙ
4439,東 名
443A,ｉＦＪリート２
4440,ヴィッツ
4441,トビラシステム
4442,バルテスＨＤ
4443,Ｓａｎｓａｎ
4444,インフォネット
4445,リビンＴ
4446,Ｌｉｎｋ－ＵＧ
4447,ＰＢシステムズ
4448,ｋｕｂｅｌｌ
4449,ギフティ
444A,アイテル
4450,ＰＳＯＬ
4452,花 王
445A,東洋コーポ
4461,一工薬
4462,石原ケミカル
4463,日華化学
4464,ソフト９９
4465,ニイタカ
446A,ノースサンド
4471,三洋化
4475,ＨＥＮＮＧＥ
4476,ＡＩ ＣＲＯＳＳ
4477,ＢＡＳＥ
4478,フリー
4479,マクアケ
447A,ＳＳゴルヘ無
4480,メドレー
4481,ベース
4482,ウィルズ
4483,ＪＭＤＣ
4484,ランサーズ
4486,ユナイト＆グロ
4487,スペースマーケ
4488,ＡＩｉｎｓｉｄｅ
448A,ＳＳゴルヘ有
4490,ビザスク
4491,Ｃマネジメント
4492,ゼネテック
4493,サイバセキュリ
4494,バリオセキュア
4495,アイキューブ
4496,コマースワン
4498,サイバトラスト
4499,Ｓｐｅｅｅ
449A,ＳＳＳＰヘ無
4502,武 田
4503,アステラス薬
4506,住友ファーマ
4507,塩野義
450A,ＳＳＳＰヘ有
4512,ワカモト
4516,日本新薬
4519,中外薬
451A,ＳＳＳＰ高配
4521,科研薬
4523,エーザイ
4524,仁 丹
4526,理ビタミン
4527,ロート
4528,小野薬
452A,ｉＳＳＰカバコ
4530,久光薬
4531,有機薬
4534,持田薬
4536,参天薬
4538,扶桑薬
4539,日ケミファ
453A,ｉＳ米カバコ
4540,ツムラ
4543,テルモ
4544,ＨＵグループ
4547,キッセイ薬
4548,生化学
4549,栄研化
4552,ＪＣＲファーマ
4553,東和薬品
4554,富士製薬
4556,カイノス
4558,中京医薬
4559,ゼリア新薬
455A,バリューソフト
4563,アンジェス
4564,ＯＴＳ
4565,ネクセラファーマ
4568,第一三共
4569,杏林製薬
456A,ヒューマンメイト
4570,免疫生物
4571,ＮＡＮＯ
4572,カルナバイオ
4574,大幸薬品
4575,ＣＡＮＢＡＳ
4576,ＤＷＴＩ
4577,ダイト
4578,大塚ＨＤ
4579,ラクオリア
457A,ルリアン
4582,シンバイオ
4583,カイオム
4584,キッズバイオ
4586,メドレックス
4587,ペプチド
4588,オンコリス
458A,プラン・ドゥ
4591,リボミック
4592,サンバイオ
4593,ヘリオス
4594,ブライトパス
4595,ミズホメディ
4596,窪田製薬
4597,ソレイジア
4598,ＤＥＬＴＡ－Ｐ
4599,ステムリム
459A,Ｎ高利Ｊリト
460A,ＢＲＡＮＵ
4611,大日塗
4612,日ペイントＨ
4613,関西ペ
4615,神東塗
4616,川上塗
4617,中国塗
4619,日特塗
461A,ＭＸ日高ＳＭ
4620,藤倉化
4623,アサヒペン
4624,イサム塗
4625,アトミクス
4626,太陽ＨＤ
4627,ナトコ
4628,エスケー化研
4629,大伸化学
462A,ファンディーノ
4631,ＤＩＣ
4633,サカタインクス
4634,ａｒｔｉｅｎｃｅ
4635,東インキ
463A,インテリックスＨ
4641,アルプス技
4642,オリジナル設
4644,イマジニア
4645,市進ＨＤ
464A,ＱＰＳＨＤ
4650,ＳＤエンター
4651,サニックスＨＤ
4657,環境管理
4658,日本空調
4659,エイジス
465A,ＧＸ日経還
4661,ＯＬＣ
4662,フォーカスＳ
4664,ＲＳＣ
4665,ダスキン
4666,パーク２４
4667,アイサンテクノロ
4668,明光ネット
466A,ＧＸ防衛テク
4671,ファルコＨＤ
4673,川崎地質
4674,クレスコ
4676,フジＨＤ
4678,秀 英
4679,田 谷
467A,ＧＸＵＳ債Ｈ
4680,ラウンドワン
4681,リゾートトラス
4684,オービック
4685,菱友システム
4686,ジャストシステ
4687,ＴＤＣソフト
4689,ＬＩＮＥヤフー
468A,ＧＸＵＳ社債
4691,ワシントンホテル
4694,ＢＭＬ
469A,フィットクルー
4704,トレンド
4705,クリップ
4707,キタック
4709,ＩＤＨＤ
470A,ローカル
4712,ＫｅｙＨ
4714,リソー教育Ｇ
4716,日本オラクル
4718,早稲アカ
4719,アルファシステム
471A,ＮＳグループ
4720,城南進研
4722,フューチャー
4725,ＣＡＣＨＤ
4728,トーセ
472A,ミラティブ
4732,ユー・エス・エス
4733,ＯＢＣ
4735,京 進
4736,日本ラッド
473A,ＮＡＭ日経
4743,ＩＴＦＯＲ
4746,東計電算
4750,ダイサン
4751,サイバエージ
4752,昭和システム
4754,トスネット
4755,楽天Ｇ
475A,ギミック
4760,ＡＬＰＨＡ
4761,サクラＫＣＳ
4762,エックスネット
4763,クリーク＆リバ
4765,ＳＢＩＧアセット
4766,ピーエイ
4767,ＴＯＷ
4768,大塚商
4769,Ｉ Ｃ
476A,辻・本郷
4771,エフアンドエム
4772,ＳＭ ＥＮＴＥＲ
4776,サイボウズ
4777,ガーラ
477A,スタートライン
4783,ＮＣＤ
4784,ＧＭＯインター
478A,フツパー
4792,山田コンサル
479A,ＰＲＯＮＩ
4800,オリコン
4801,セントラルＳＰ
4809,パラカ
480A,リブコンサル
4811,ドリームアーツ
4812,電通総研
4813,ＡＣＣＥＳＳ
4814,ネクストウェア
4816,東映アニメ
4819,Ｄガレージ
481A,Ｊセキュリティ
4820,ＥＭシステムズ
4825,ＷＮＩウェザー
4826,ＣＩＪ
4828,ビーエンジ
4829,日本エンタ
4832,ＪＦＥ－ＳＩ
4833,Ｄｅｆコンサル
4838,ＳＳＳＫ ＨＤ
4839,ＷＯＷＯＷ
483A,テラテクノロジ
4840,トライアイズ
4845,スカラ
4847,インテリＷ
4848,フルキャストＨＤ
4849,エ ン
484A,ニューズドテ
485A,パワーエックス
486A,ＳＴＯＸＸヘ無
4875,メディシノバ
487A,ＤＡＸヘ無
4880,セルソース
4881,ファンペップ
4882,ペルセウス
4883,モダリス
4884,クリングル
4885,室町ケミカル
4886,あすかＨＤ
4887,サワイＧＨＤ
4888,ステラファーマ
4889,レナサイエンス
488A,ｉＳ円高フォ
4890,坪田ラボ
4891,ティムス
4892,サイフューズ
4893,ノイルイミューン
4894,クオリプス
4896,ケイファーマ
489A,物流フォーカ
4901,富士フイルム
4902,コニカミノルタ
490A,センス・トラスト
4911,資生堂
4912,ライオン
4914,高砂香
4917,マンダム
4918,アイビー
4919,ミルボン
491A,#N/A
4920,日本色材
4922,コーセーＨＤ
4923,コ タ
4925,ＨＡＢＡ
4926,シーボン
4927,ポーラオルＨＤ
4928,ノエビアＨＤ
4929,アジュバンＨ
492A,#N/A
4931,新日製薬
4932,アルマード
4933,Ｉｎｅ
4934,Ｐアンチエイジ
4935,リベルタ
4936,アクシージア
4937,Ｗａｑｏｏ
493A,#N/A
494A,#N/A
4951,エステー
4956,コニシ
4958,長谷川香
495A,#N/A
4960,ケミプロ
4966,上村工業
4967,小林製薬
4968,荒川化学
496A,#N/A
4970,東洋合成
4971,メック
4972,綜研化学
4973,高純度化
4974,タカラバイオ
4975,ＪＣＵ
4976,ドライルーブ
4977,ニッタゼラチン
4978,リプロセル
4979,ＯＡＴアグリオ
497A,#N/A
4980,デクセリアルス
4985,アース製薬
498A,#N/A
4990,昭和化
4992,北興化
4994,大成ラミクＧ
4996,クミアイ化
4997,日農薬
4998,フマキラー
499A,#N/A
500A,#N/A
5010,日精蝋
5011,ニチレキＧ
5013,ユシロ
5015,ＢＰカストロール
5016,ＪＸ金属
5018,ＭＯＲＥＳＣＯ
5019,出光興産
501A,#N/A
5020,ＥＮＥＯＳ
5021,コスモエネＨＤ
5022,レボインター
5025,マーキュリー
5026,トリプルアイス
5027,ＡｎｙＭｉｎｄ
5028,セカンドサイト
5029,サークレイス
502A,#N/A
5031,モ イ
5032,ＡＮＹＣＯＬＯＲ
5033,ヌーラボ
5034,ｕｎｅｒｒｙ
5035,ＨＯＵＳＥＩ
5036,日ビジシス
5037,フィットワークス
5038,ｅＷｅＬＬ
503A,#N/A
504A,#N/A
505A,#N/A
506A,#N/A
5071,ヴィス
5072,アートフォース
5074,テスＨＤ
5076,インフロニアＨＤ
50765,#N/A
5077,ハンズ
5078,セレコーポ
5079,ノバック
507A,#N/A
509A,#N/A
5101,浜ゴム
5103,昭和ＨＤ
5105,ＴＯＹＯＴＩＲＥ
5108,ブリヂストン
510A,#N/A
5110,住友ゴム
511A,#N/A
5121,藤コンポ
5122,オカモト
5125,ファインズ
5126,ポーターズ
5129,ＦＩＸＥＲ
512A,#N/A
5130,ヒロＨＤ
5131,リンカーズ
5132,ｐｌｕｓｚｅｒｏ
5133,テリロジーＨＤ
5134,ＰＯＰＥＲ
5135,ＡＩＲ－Ｕ
5136,ｔｒｉｐｌａ
5137,スマートドライ
5138,Ｒｅｂａｓｅ
5139,オープンワーク
513A,#N/A
5142,アキレス
514A,#N/A
515A,#N/A
5161,西川ゴム
5162,朝日ラバー
516A,#N/A
517A,#N/A
5184,ニチリン
5185,フコク
5186,ニッタ
5187,クリエート
5189,桜ゴム
518A,#N/A
5192,三星ベ
5194,相模ゴム
5195,バンドー
5199,不二ラテ
519A,#N/A
5201,ＡＧＣ
5202,板硝子
5204,石塚硝
5208,有沢製
520A,#N/A
5210,日山村硝
5214,日電硝
5216,倉 元
5218,オハラ
521A,#N/A
522A,#N/A
5232,住阪セメ
5233,太平洋セメ
5237,ノザワ
523A,#N/A
5240,ｍｏｎｏＡＩ
5242,アイズ
5243,ｎｏｔｅ
5244,ｊｉｇ．ｊｐ
5246,ＥＬＥＭＥＮＴＳ
5247,ＢＴＭ
5248,テクノロジー
5249,あさかわ
524A,#N/A
5250,プライムストラ
5251,ウイズ・ワン
5252,日ナレッジ
5253,カバー
5254,Ａｒｅｎｔ
5255,モンスターラボ
5256,Ｆｕｓｉｃ
5257,ノバシステム
5258,ＴＭＮ
525A,#N/A
5261,リソル
5262,日ヒューム
5268,旭コンクリ
5269,日本コン
526A,#N/A
5271,トーヨーアサノ
5273,三谷セキ
5279,日興業
527A,#N/A
5280,ヨシコン
5282,ジオスター
5283,高見澤
5284,ヤマウＨＤ
5285,ヤマックス
5287,イトーヨーギョ
5288,アジアパイル
528A,#N/A
5290,ベルテクス
5301,東海カーボ
5302,日カーボン
5304,ＳＥＣカーボン
530A,#N/A
5310,東洋炭素
531A,#N/A
532A,#N/A
5331,ノリタケ
5332,ＴＯＴＯ
5333,ガイシ
5334,特殊陶
5337,ダントーＨＤ
533A,#N/A
5341,ＡＳＡＨＩＥＩＴ
5344,ＭＡＲＵＷＡ
534A,#N/A
5351,品川リフラ
5355,ルツボ
5356,美濃窯業
5357,ヨータイ
535A,#N/A
5363,ＴＹＫ
5367,ニッカトー
5368,日インシュレ
536A,#N/A
537A,#N/A
5380,新 東
5381,マイポックス
5384,フジミインコ
5388,クニミネ工
538A,#N/A
5391,Ａ＆ＡＭ
5393,ニチアス
539A,#N/A
5401,日本製鉄
5406,神戸鋼
5408,中山鋼
540A,#N/A
5410,合同鉄
5411,ＪＦＥ
541A,#N/A
5423,東製鉄
542A,#N/A
543A,#N/A
5440,共英製鋼
5444,大和工
5445,東京鉄
5446,北越メタル
5449,大阪製鉄
544A,#N/A
5451,ヨドコウ
5458,高砂鉄
545A,#N/A
5461,中部鋼
5463,丸一管
5464,モリ工業
546A,#N/A
5471,大特鋼
547A,#N/A
5480,冶金工
5482,愛知鋼
5484,東北鋼
548A,#N/A
5491,日金属
549A,#N/A
550A,#N/A
551A,#N/A
5525,フロンティアＨＤ
5527,ｐｒｏｐｅｔｅｃ
5528,フロンティアＨＳ
552A,#N/A
5531,中山不動
5532,リアルゲイト
5533,エリッツＨＤ
5534,エンゼルＧ
5535,ミガロＨＤ
5536,京橋アート
5537,ＡｌｂａＬｉｎｋ
5541,大平金
5542,新報国マテ
554A,#N/A
555A,#N/A
5563,新日電工
556A,#N/A
5570,ジェノバ
5571,エキサイトＨＤ
5572,リッジアイ
5573,働楽ＨＤ
5574,ＡＢＥＪＡ
5575,Ｇｌｏｂｅｅ
5576,オービーシステ
5578,ＡＲアドバン
557A,#N/A
5580,プロディライ
5581,カイテクノロジ
5582,グリッド
5584,ストロベリｊａ
5586,ＬａｂｏｒｏＡＩ
5587,インバウンＰＦ
5588,ファーストＡ
5589,オートサーバー
558A,#N/A
5590,ネットスターズ
5591,ＡＶＩＬＥＮ
5592,くすり窓
5594,エムデービー
5597,ブルーイノベ
5598,Ｙｏｔｔａｖｉａ
5599,Ｓ＆Ｊ
559A,#N/A
5602,栗本鉄
5603,虹 技
5609,日鋳造
560A,#N/A
5612,鋳鉄管
5616,雨風太陽
5617,ウィル・ドゥ
5618,ナイル
5619,マーソ
5620,エスピーオー
5621,ヒューマンＴ
5622,ワンビ
562A,#N/A
5631,日製鋼
5632,菱製鋼
563A,#N/A
5644,メタルアート
564A,#N/A
5658,日亜鋼
5659,日精線
5660,神鋼線
5695,パウダテク
5697,サンユウ
5698,エンビプロＨ
5699,イボキン
5702,大紀アルミ
5703,日軽金ＨＤ
5704,ＪＭＣ
5706,三井金属
5707,東邦鉛
5711,三菱マ
5713,住友鉱
5714,ＤＯＷＡ
5715,古河機
5721,Ｓ・サイエンス
5724,アサカ理研
5726,大阪チタ
5727,邦チタニウム
5729,日精鉱
5741,ＵＡＣＪ
5742,ＮＩＣ
5753,日伸銅
5757,ＣＫサンエツ
5801,古河電
5802,住友電
5803,フジクラ
5805,ＳＷＣＣ
5816,オーナンバ
5817,ＪＭＡＣＳ
5819,カナレ電気
5820,三ッ星
5821,平河ヒューテ
5830,いよぎん
5831,しずおか
5832,ちゅうぎ
5834,ＳＢＩリーシンク
5838,楽天銀行
5840,日本総険
5842,インテグラル
5843,ニッポンインシ
5844,京都ＦＧ
5845,全保連
5851,リョービ
5852,アーレスティ
5856,エルアイイエイチ
5857,ＡＲＥＨＤ
5858,ＳＴＧ
5866,ＷｉｚＢｉｚ
5867,エスネット
5868,ロココ
5869,早稲田学
5870,ナルネット
5871,ＳＯＬＩＺＥＨＤ
5884,クラダシ
5885,ジーデップ
5886,ＯＯＫＡＢＥ
5887,光 響
5888,ダイワサイクル
5889,ＪＥＨ
5890,オフィスバスタ
5891,魁力屋
5892,ｙｕｔｏｒｉ
5893,ＲＡＶＩＰＡ
5900,ダイケン
5901,洋缶ＨＤ
5902,ホッカンＨＤ
5903,ＳＨＩＮＰＯ
5905,日カン
5906,ＭＫ精工
5909,コロナ
5911,横河ブＨＤ
5915,駒井ハルテク
5918,滝上工
5921,川岸工
5922,那須鉄
5923,高田機
5928,アルメタックス
5929,三和ＨＤ
5930,文化シヤタ
5932,三協立山
5933,アルインコ
5936,洋 シヤタ
5938,ＬＩＸＩＬ
5939,大谷工業
5940,不二サッシ
5941,中西製作
5942,日フイルコン
5943,ノーリツ
5945,天龍鋸
5946,長府製
5947,リンナイ
5949,ユニプレス
5950,パワーファス
5951,ダイニチ工
5952,アマテイ
5955,ワイズＨＤ
5956,トーソー
5957,日東精
5958,三洋工
5959,岡 部
5962,浅香工
5965,フジマック
5966,ＫＴＣ
5967,ＴＯＮＥ
5969,ロブテックス
5970,ジーテクト
5971,共和工業
5973,トーアミ
5974,中国工
5975,東プレ
5976,ネツレン
5981,東京綱
5982,マルゼン
5983,イワブチ
5984,兼 房
5985,サンコール
5986,モリテック
5987,オーネックス
5988,パイオラックス
5989,エイチワン
5990,スーパーツール
5991,ニッパツ
5992,中発条
5994,ファインシンター
5997,協立ＡＴ
5998,アドバネクス
6005,三浦工
6013,タクマ
6016,ＪＰＮエンジン
6018,阪神燃
6022,赤阪鉄
6023,ダイハツイン
6027,弁護士コム
6029,アトラＧ
6030,アドベンチャ
6031,ＺＥＴＡ
6033,エクストリーム
6034,ＭＲＴ
6035,ＩＲＪ ＨＤ
6036,ＫｅｅＰｅｒ技
6037,楽 待
6038,イード
6039,動物高医
6040,日本スキー
6042,ニッキ
6044,三機Ｓ
6045,レントラックス
6046,リンクバル
6047,Ｇｕｎｏｓｙ
6049,イトクロ
6050,Ｅ Ｇ
6054,リブセンス
6055,Ｊマテリアル
6058,ベクトル
6059,ウチヤマＨＤ
6061,ユニバ園芸
6062,チャームケア
6063,ＥＡＪ
6069,トレンダーズ
6070,キャリアリンク
6071,ＩＢＪ
6072,地盤ネットＨ
6073,アサンテ
6074,ＪＳＳ
6078,バリューＨＲ
6080,Ｍ＆Ａキャピ
6081,アライドアーキ
6082,ライドオンＥＸ
6083,ＥＲＩ ＨＤ
6085,アーキテクツＳＪ
6086,シンメンテＨＤ
6087,アビスト
6088,シグマクシスＨ
6089,ウィルＧ
6090,ＨＭＴ
6091,ウエスコＨＤ
6092,エンバイオＨＤ
6093,エスクローＡＪ
6094,フリークアウト
6096,レアジョブ
6098,リクルートＨＤ
6099,エラン
6101,ツガミ
6103,オークマ
6104,芝浦機械
6113,アマダ
6118,アイダ
6125,岡本工
6134,ＦＵＪＩ
6135,牧野フ
6136,ＯＳＧ
6137,小池工
6138,ダイジェト
6140,旭ダイヤ
6141,ＤＭＧ森精
6143,ソディック
6144,西電機
6145,ＮＩＴＴＯＫＵ
6146,ディスコ
6147,ヤマザキ
6149,小田原
6150,タケダ機
6151,日東工器
6155,高松機械
6156,エーワン精密
6157,日進工具
6158,和井田
6159,ミクロン精密
6161,エスティック
6165,パンチ
6166,中村超硬
6167,冨士ダイス
6168,ＯＮＥＧＲＯＵＰ
6171,土木管理
6173,アクアライン
6174,デンタス
6176,ブランジスタ
6177,ＡｐｐＢａｎｋ
6178,日本郵政
6180,ＧＭＯメディア
6181,タメニー
6182,メタリアル
6183,ベル２４ＨＤ
6184,鎌倉新書
6185,ＳＭＮ
6186,一 蔵
6189,グローキッズ
6190,ＰＸＢ
6191,エアトリ
6193,バーチャレクス
6194,アトラエ
6195,ホープ
6196,ストライク
6197,ソラスト
6198,キャリア
6199,セラク
6200,インソース
6201,豊田織機
6203,豊和工
6208,石川製
6209,リケンＮＰＲ
6217,津田駒
6218,エンシュウ
6222,島精機
6223,西部技研
6224,ＪＲＣ
6226,守谷輸送
6227,ＡＩメカテック
6228,ジェイイーティ
6229,オーケーエム
6230,ＳＡＮＥＩ
6231,木村工機
6232,ＡＣＳＬ
6233,ＫＬＡＳＳ
6235,オプトラン
6237,イワキポンプ
6238,フリュー
6239,ナガオカ
6240,ヤマシンフィルタ
6245,ヒラノテク
6246,テクノスマート
6247,日阪製
6248,横田製作
6249,ゲームカード
6250,やまびこ
6254,野村マイクロ
6255,エヌピーシー
6257,藤商事
6258,平田機工
6262,ＰＥＧＡＳＵＳ
6264,マルマエ
6265,コンバム
6266,タツモ
6267,ゼネパッカー
6268,ナブテスコ
6269,三井海洋
6272,レオン自機
6273,ＳＭＣ
6276,シリウスＶ
6277,ホソカワミクロ
6278,ユニオンツール
6279,瑞 光
6282,オイレス工
6284,ＡＳＢ機械
6286,靜 甲
6287,サトー
6289,技研製
6291,エアーテック
6292,カワタ
6294,オカダアイヨン
6298,ワイエイシイＨＤ
6301,コマツ
6302,住友重
6305,日立建
6306,日 工
6307,サンセイ
6309,巴工業
6310,井関農
6315,ＴＯＷＡ
6316,丸山製
6317,北川鉄
6322,タクミナ
6323,ローツェ
6324,ハーモニック
6325,タカキタ
6326,クボタ
6327,北川精機
6328,荏原実業
6330,洋エンジ
6331,化工機
6332,月島ＨＤ
6333,帝国電機
6334,明治機
6335,東京機
6336,石井表記
6337,テセック
6338,タカトリ
6339,新東工
6340,渋谷工
6342,太平製
6343,フリージアマク
6345,アイチコーポ
6346,キクカワ
6347,プラコー
6349,小 森
6351,鶴見製
6356,日ギア
6357,三精テクノ
6358,酒井重
6360,東自機
6361,荏 原
6363,酉島製
6364,ＡＩＲＭＡＮ
6365,電業社
6366,千代建
6367,ダイキン
6368,オルガノ
6369,トーヨーカネツ
6370,栗田工
6371,椿本チ
6376,日機装
6378,木村化
6379,レイズネクスト
6380,オリチエン
6381,アネスト岩田
6382,トリニ工
6383,ダイフク
6384,昭和真空
6387,サムコ
6390,加藤製
6391,加地テック
6392,ヤマダ
6393,油研工
6395,タダノ
6396,宇野鉄
6400,不二精機
6402,兼松エンジ
6403,水道機
6405,鈴茂器工
6407,ＣＫＤ
6408,小倉クラ
6412,平 和
6413,理想科
6417,ＳＡＮＫＹＯ
6418,金銭機
6419,マースＧＨＤ
6420,ガリレイ
6424,高見サイ
6425,ユニバーサル
6428,オーイズミ
6430,ダイコク電
6432,竹内製作
6433,ヒーハイスト
6436,アマノ
6440,ＪＵＫＩ
6444,サンデン
6445,ジャノメ
6448,ブラザー
6454,マックス
6455,モリタＨＤ
6457,グローリー
6458,シンコウ工
6459,大和冷
6460,セガサミーＨＤ
6463,ＴＰＲ
6464,ツバキナカシマ
6465,ホシザキ
6466,ＴＶＥ
6467,ニチダイ
6469,放電精密
6470,大豊工業
6471,日精工
6472,ＮＴＮ
6473,ジェイテクト
6474,不二越
6479,ミネベアミツミ
6480,日トムソン
6481,ＴＨＫ
6482,ＹＵＳＨＩＮ
6484,ＫＶＫ
6485,前澤給
6486,イーグル
6488,ヨシタケ
6489,前沢工
6490,ＰＩＬＬＡＲ
6492,岡野バル
6493,ＮＩＴＴＡＮ
6494,ＮＦＫ－ＨＤ
6495,宮入バル
6496,中北製
6497,ハマイ
6498,キッツ
6501,日 立
6503,三菱電
6504,富士電機
6505,東洋電
6506,安川電
6507,シンフォニア
6508,明電舎
6513,オリジン
6516,山洋電
6517,デンヨー
6518,三相電機
6521,オキサイド
6522,アスタリスク
6523,ＰＨＣＨＤ
6524,湖北工業
6525,ＫＯＫＵＳＡＩ
6526,ソシオネクスト
6527,ワカ製作所
6532,ベイカレント
6533,オーケストラＨＤ
6535,アイモバイル
6537,ＷＡＳＨハウス
6538,ディスラプタ
6539,ＭＳ－Ｊａｐａｎ
6540,船 場
6543,日 宣
6544,ＪＥＳＨＤ
6545,ＩＩＦ
6546,フルテック
6547,グリーンズ
6548,旅工房
6549,ディエムソリュ
6551,ツナグＧＨＤ
6552,ＧａｍｅＷｉｔｈ
6554,エスユーエス
6555,ＭＳコンサル
6557,ＡＩＡＩ
6558,クックビズ
6560,ＬＴＳ
6561,ＨＡＮＡＴＯＵＲ
6562,ジーニー
6563,みらいＷＫ
6564,ミダックＨＤ
6565,ＡＢホテル
6566,要興業
6568,神戸天然
6570,共和コーポ
6571,ＱＢネットＨＤ
6572,オープンＧ
6573,ＣＲＡＶＩＡ
6574,コンヴァノ
6576,揚工舎
6577,ベストワン
6578,コレックＨＤ
6579,ログリー
6580,ライトアップ
6584,三桜工
6586,マキタ
6588,東芝テック
6590,芝浦メカ
6592,マブチ
6594,ニデック
6596,筑波精工
6597,ＨＰＣシステムス
6599,エブレン
6612,バルミューダ
6613,ＱＤレーザ
6614,シキノハイテック
6615,ＵＭＣエレ
6616,トレックスセミ
6617,東光高岳
6619,ＷＳＣＯＰＥ
6620,宮越ＨＤ
6622,ダイヘン
6625,ＪＡＬＣＯ ＨＤ
6626,ＳＥＭＩＴＥＣ
6627,テラプロ
6629,テクノＨＲ
6630,ヤーマン
6632,ＪＶＣＫＷ
6633,ＣＧＳＨＤ
6634,ネクスＧ
6635,大日光
6637,寺崎電気
6638,Ｍｉｍａｋｉ
6643,戸上電
6644,大崎電
6645,オムロン
6647,森尾電
6648,かわでん
6651,日東工
6652,ＩＤＥＣ
6653,正興電機
6654,不二電機
6656,インスペック
6658,シライ電子
6659,メディアリンク
6662,ユビテック
6663,太洋テクノ
6664,オプトエレクト
6666,リバーエレテク
6668,プラズマ
6670,ＭＣＪ
6674,ＧＳユアサ
6675,サクサ
6676,ＢＵＦＦＡＬＯ
6677,エスケーエレク
6678,テクノメディカ
6694,ズーム
6695,キャストリコ
6696,トラースＯＰ
6699,ダイヤＨＤ
6701,ＮＥＣ
6702,富士通
6703,ＯＫＩ
6706,電気興
6707,サンケン電
6718,アイホン
6721,ウインテスト
6723,ルネサス
6724,エプソン
6727,ワコム
6728,アルバック
6730,アクセル
6731,ピクセラ
6736,サン電子
6737,ＥＩＺＯ
6740,ＪＤＩ
6741,日信号
6742,京三製
6743,大同信
6744,能美防
6745,ホーチキ
6748,星和電
6750,エレコム
6752,パナソニックＨ
6753,シャープ
6754,アンリツ
6757,ＯＳＧコーポ
6758,ソニーＧ
6762,ＴＤＫ
6763,帝通工
6768,タムラ製
6769,ザイン
6770,アルプスアル
6771,池上通
6772,コスモス電
6775,ＴＢグループ
6776,天昇電
6777,ｓａｎｔｅｃＨＤ
6778,アルチザ
6779,日電波
6785,鈴 木
6786,ＲＶＨ
6787,メイコー
6788,日本トリム
6794,フォスタ電
6797,名古屋電
6798,ＳＭＫ
6800,ヨコオ
6803,ティアック
6804,ホシデン
6806,ヒロセ電
6807,航空電
6809,ＴＯＡ
6810,マクセル
6814,古野電
6817,スミダコーポ
6819,伊豆ＳＲ
6820,アイコム
6822,大井電気
6823,リオン
6824,新コスモス
6832,アオイ電子
6834,精工技研
6835,アライドＨＤ
6836,プラットホーム
6837,京 写
6838,多摩川ＨＤ
6840,ＡＫＩＢＡ
6841,横河電
6844,新電元
6845,アズビル
6848,東亜ＤＫＫ
6849,日光電
6850,チノー
6853,共和電
6855,電子材料
6856,堀場製
6857,アドバンテ
6858,小野測
6859,エスペック
6861,キーエンス
6862,ミナトＨＤ
6863,ニレコ
6864,エヌエフＨＤ
6866,日置電
6867,リーダー電
6869,シスメックス
6870,フェンオール
6871,マイクロニクス
6874,協立電機
6875,メガチップス
6877,ＯＢＡＲＡ－Ｇ
6882,三社電機
6888,アクモス
6890,フェローテック
6894,パルステック
6897,ツインバード
6898,トミタ電機
6899,ＡＳＴＩ
6901,沢藤電
6902,デンソー
6904,原田工業
6905,コーセル
6907,ジオマテック
6908,イリソ電子
6912,菊水ＨＤ
6914,オプテックスＧ
6915,千代インテ
6918,アバール
6919,ケ ル
6920,レーザーテク
6923,スタンレ電
6925,ウシオ電
6926,ＯＫＡＹＡ
6927,ヘリオステクノＨ
6928,エノモト
6929,日セラミ
6932,遠藤照
6941,山一電
6942,ソフィアＨＤ
6943,ＮＫＫ
6946,日アビオ
6947,図 研
6951,日電子
6952,カシオ
6954,ファナック
6955,ＦＤＫ
6958,日本ＣＭＫ
6960,フクダ電
6961,エンプラス
6962,大真空
6963,ローム
6964,サンコー
6965,ホトニクス
6966,三井ハイテ
6969,松尾電
6971,京セラ
6976,太陽誘電
6977,抵抗器
6981,村田製
6982,リード
6986,双葉電
6988,日東電
6989,北電工
6993,大黒屋
6994,指月電
6995,東海理化
6996,ニチコン
6997,日ケミコン
6998,日タングス
6999,ＫＯＡ
7003,三井Ｅ＆Ｓ
7004,カナデビア
7011,三菱重
7012,川 重
7013,ＩＨＩ
7014,名村造
7018,内海造
7021,ニッチツ
7022,サノヤスＨＤ
7030,スプリックス
7031,インバウンド
7033,ＭＳＯＬ
7034,プロレド
7035,ａｎｆａｃ
7036,イーエムネットＪ
7037,テノ．
7038,フロンティアＭ
7039,ブリッジＧ
7040,サン・ライフＨＤ
7041,ＣＲＧＨＤ
7042,アクセスＧＨＤ
7043,アルー
7044,ピアラ
7046,ＴＤＳＥ
7047,ポート
7048,ベルトラ
7049,識 学
7050,フロンティアＩ
7057,エヌ・シー・エヌ
7058,共栄セキュリ
7059,コプロＨＤ
7060,ギークス
7061,日ホスピス
7062,フレアス
7063,Ｂｉｒｄｍａｎ
7064,ハウテレビ
7065,ユーピーアール
7066,ピアズ
7067,ブランディン
7068,ＦフォースＧ
7069,サイババズ
7071,アンビス
7072,インテＭ
7073,ジェイック
7074,２４７ＨＤ
7075,ＱＬＳＨＤ
7077,ＡＬｉＮＫ
7078,ＩＮＣ ＨＤ
7079,ＷＤＢココ
7080,スポーツフィー
7081,レンティア
7082,ジモティー
7083,ＡＨＣＧ
7084,ＳｍｉｌｅＨＤ
7085,カーブスＨＤ
7087,ウイルテック
7088,フォーラムエンシ
7089,フォースタ
7090,リグア
7091,ＬＰＦ
7093,アディッシュ
7094,ＮｅｘＴｏｎｅ
7095,ＭａｃｂｅｅＰ
7096,ステムセル研
7097,さくらさ
7098,エージェント
7102,日車輌
7110,クラシコム
7111,ＩＮＥＳＴ
7112,キューブ
7114,フーディソン
7115,アルファパチェ
7119,ハルメクＨＤ
7120,ＳＨＩＮＫＯ
7122,近畿車
7126,グローバルス
7127,一家ＨＤ
7128,ユニソルＨＤ
7129,ミアヘルサＨＤ
7130,ヤマエＧＨＤ
7131,のむら産
7132,フローバル
7133,ヒュウガプラ
7134,アップガレー
7135,ＪクラフトＨＤ
7136,ウェルビンＧ
7137,グラントマト
7138,ＴＯＲＩＣＯ
7139,東京高圧
7140,ペットゴー
7148,ＦＰＧ
7150,島根銀行
7157,ライフネット
7161,じもとＨＤ
7162,アストマックス
7164,全国保証
7167,めぶきＦＧ
7170,中央インタＧ
7172,ＪＩＡ
7173,きらぼし
7175,今村証券
7176,シンプレクスＦ
7177,ＧＭＯＦＨＤ
7180,九州ＦＧ
7181,かんぽ
7182,ゆうちょ
7183,あん保証
7184,富山第一
7185,ヒロセ通商
7186,横浜ＦＧ
7187,ジェイリース
7189,西日本ＦＨ
7191,イントラスト
7192,モーゲージＳ
7196,Ｃａｓａ
7198,ＳＢＩアルヒ
7199,プレミアＧ
7201,日産自
7202,いすゞ
7203,トヨタ
7208,カネミツ
7211,三菱自
7212,エフテック
7213,レシップＨＤ
7214,ＧＭＢ
7215,ファルテック
7217,テイン
7218,田中精密
7219,ＨＫＳ
7220,武蔵精密
7222,産車体
7224,新明和
7226,極東開
7228,デイトナ
7229,ユタカ技研
7231,トピー
7235,東ラヂエタ
7236,ティラド
7238,曙ブレーキ
7239,タチエス
7240,ＮＯＫ
7241,フタバ
7242,カヤバ
7244,市光工
7245,大同メタ
7246,プレス工
7247,ミクニ
7254,ユニバンス
7255,桜井製
7256,河西工
7259,アイシン
7261,マツダ
7264,ＭＵＲＯ
7265,エイケン工業
7266,今仙電機
7267,ホンダ
7269,スズキ
7270,ＳＵＢＡＲＵ
7271,安 永
7272,ヤマハ 発
7273,イクヨ
7276,小糸製
7277,ＴＢＫ
7278,エクセディ
7279,ハイレックス
7280,ミツバ
7282,豊田合
7283,愛三工
7284,盟和産
7287,日精機
7291,日プラスト
7292,村上開明
7294,ヨロズ
7296,エフ・シー・シー
7297,カーメイト
7299,オーゼックス
7305,新家工
7309,シマノ
7313,ＴＳテック
7314,小田原機
7317,松屋Ｒ＆Ｄ
7318,セレンディプ
7320,Ｓｏｌｖｖｙ
7322,３３ＦＧ
7325,アイリック
7326,ＳＢＩインシュ
7327,第四北越
7337,ひろぎん
7343,ブロドマイン
7345,アイパートナー
7347,マーキュリアＨＤ
7350,おきなわ
7351,グッドパチ
7352,ＴＷＯＳＴＯＮＥ
7353,ＫＩＹＯ
7354,ＤｍＭｉＸ
7355,一寸房
7356,Ｒｅｔｔｙ
7357,ジオコード
7358,ポピンズ
7359,東京通信
7360,オンデック
7361,ＨＣＨ
7362,Ｔ．Ｓ．Ｉ
7363,ベビーカレン
7364,琉球アスティ
7366,ＬＩＴＡＬＩＣＯ
7367,セルム
7368,表示灯
7369,メイホーＨＤ
7370,Ｅｎｊｉｎ
7371,Ｚｅｎｋｅｎ
7372,デコルテＨＤ
7373,アイドマＨＤ
7374,コンフィデンス
7375,リファインバス
7376,ＢＣＣ
7377,ＤＮＨＤ
7378,アシロ
7380,十六ＦＧ
7381,ＣＣＩＧ
7383,ネットプロＨＤ
7384,プロクレアＨＤ
7388,ＦＰパートナー
7389,あいちＦＧ
7399,ナンシン
7409,ＡｅｒｏＥｄｇｅ
7412,アトム
7413,創健社
7414,小野建
7416,はるやま
7417,南 陽
7419,ノジマ
7421,カッパ・クリエ
7422,東邦レマック
7425,初穂商事
7426,山 大
7427,エコトレディン
7433,伯 東
7434,オータケ
7435,ナ・デックス
7438,コンドーテック
7442,中山福
7443,横浜魚類
7444,ハリマ共和
7446,東北化学
7447,ナガイレーベ
7453,良品計画
7456,松田産業
7458,第一興商
7459,メディパル
7460,ヤ ギ
7461,キムラ
7462,ＣＡＰＩＴＡ
7463,アドヴァンＧ
7464,セフテック
7466,ＳＰＫ
7472,鳥羽洋行
7475,アルビス
7476,アズワン
7477,ムラキ
7480,スズデン
7481,尾家産業
7482,シモジマ
7483,ドウシシャ
7486,サンリン
7487,小津産業
7490,日新商事
7494,コナカ
7500,西川計測
7501,ティムコ
7502,プラザＨＤ
7504,高 速
7505,扶桑電通
7506,ハウスローゼ
7508,ＧセブンＨＤ
7509,アイエーＧ
7510,たけびし
7512,イオン北海
7513,コジマ
7514,ヒマラヤ
7515,マルヨシセンター
7516,コーナン商事
7520,エコス
7521,ムサシ
7522,ワタミ
7523,アールビバン
7524,マルシェ
7525,リックス
7527,システムソフト
7531,清和中央
7532,パンパシＨＤ
7537,丸 文
7538,大 水
7539,アイナボＨＤ
7544,スリーエフ
7545,西松屋チェ
7550,ゼンショーＨＤ
75505,#N/A
7551,ウェッズ
7552,ハピネット
7554,幸楽苑
7555,大田花き
7561,ハークスレイ
7562,安楽亭
7564,ワークマン
7565,万世電機
7567,栄電子
7570,橋本総ＨＤ
7571,ヤマノＨＤ
7575,日本ライフＬ
7578,ニチリョク
7581,サイゼリヤ
7585,かんなん
7590,タカショー
7593,ＶＴＨＤ
7595,アルゴグラフ
7596,魚 力
7599,ＩＤＯＭ
7600,日本ＭＤＭ
7601,ポプラ
7602,レダックス
7603,ジーイエット
7604,梅の花Ｇ
7606,Ｕアローズ
7607,進 和
7608,エスケイ
7609,ダイトロン
7610,テイツー
7611,ハイデ日高
7613,シークス
7614,オーエムツー
7615,京きもの
7616,コロワイド
7619,田中商事
7621,うかい
7624,ＮａＩＴＯ
7625,ダイニング
7628,オーハシテクニカ
7630,壱番屋
7634,星医療
7636,ハンズマン
7637,白 銅
7638,ＮＥＷ ＡＲＴ
7640,トップカルチャ
7643,ダイイチ
7646,ＰＬＡＮＴ
7649,スギＨＤ
7670,オーウエル
7673,ダイコー通
7674,ＮＡＴＴＹＨＤ
7677,ヤシマキザイ
7678,あさくま
7679,薬王堂ＨＤ
7680,軽自動車
7681,レオクラン
7682,浜木綿
7683,ダブルエー
7685,ＢＵＹＳＥＬＬ
7686,ひとまい
7687,ミクリード
7689,コ パ
7690,カレント自動
7691,ＣＣｈａｎ
7692,Ｅインフィニティ
7693,北海歯科
7694,いつも
7695,交換デキル
7698,アイスコ
7699,ＯＰＳ
7701,島津製
7702,ＪＭＳ
7707,ＰＳＳ
7709,クボテック
7711,助川電
7713,シグマ光機
7715,長野計器
7716,ナカニシ
7717,Ｖテクノロジー
7719,東京衡機
7721,東京計器
7722,国際計測
7723,愛時計
7725,インタアクション
7726,黒田精
7727,オーバル
7729,東京精
7730,マニー
7731,ニコン
7733,オリンパス
7734,理計器
7735,スクリン
7740,タムロン
7741,ＨＯＹＡ
7743,シード
7744,ノーリツ鋼機
7745,Ａ＆ＤホロンＨＤ
7746,岡本硝子
7747,アサヒインテック
7749,メディキット
7751,キヤノン
7752,リコー
7760,ＩＭＶ
7762,シチズン
7769,リズム
7771,日本精密
7774,Ｊ・ＴＥＣ
7775,大研医器
7776,セルシード
7777,３Ｄマトリックス
7779,サイバダイン
7780,メニコン
7781,平 山
7782,シンシア
7791,ドリームベ
7792,コラントッテ
7793,イメージマジ
7794,イーディーピ
7795,ＫＹＯＲＩＴＳＵ
7800,アミファ
7803,ブシロード
7804,Ｂ＆Ｐ
7805,プリントネット
7806,ＭＴＧ
7807,幸和製作
7808,ＣＳランバー
7809,壽 屋
7810,クロスフォー
7811,中本パクス
7812,クレステック
7813,プラッツ
7814,日本創発
7815,東ボード
7818,トランザクショ
7819,粧美堂
7820,ニホンフラッシュ
7821,前田工繊
7822,永大産業
7823,アートネイチャー
7826,フルヤ金属
7827,オービス
7831,ウイルコＨＤ
7832,バンダイナム
7833,ＩＦＩＳ
7836,アビックス
7837,アールシーコア
7839,ＳＨＯＥＩ
7840,フラベッドＨ
7841,遠藤製作
7844,マーベラス
7846,パイロット
7847,グラファイトＤ
7849,スターツ出版
7850,総合商研
7851,カワセＣＳ
7856,萩原工業
7857,セ キ
7859,アルメディオ
7860,エイベックス
7863,平 賀
7864,フジシール
7865,ピープル
7867,タカラトミー
7868,広済堂ＨＤ
7871,フクビ
7872,エステールＨＤ
7874,レック
7875,竹田ｉＰ
7877,永大化工
7878,光・彩
7879,ノ ダ
7883,サンメッセ
7885,タカノ
7886,ヤマトモビＭｆ
7887,南海プライ
7888,三光合成
7893,プロネクサス
7896,セブン工
7897,ホクシン
7898,ウッドワン
7901,マツモト
7902,ソノコム
7906,ヨネックス
7908,ＫＩＭＯＴＯ
7911,ＴＯＰＰＡＮＨＤ
7912,大日印
7914,共同印
7915,ＮＩＳＳＨＡ
7916,光村印
7917,ＺＡＣＲＯＳ
7918,ヴィアＨＤ
7919,野崎印
7921,ＴＡＫＡＲＡ＆Ｃ
7922,三光産
7925,前澤化
7927,ムトー精工
7928,旭化学
7931,未来工業
7932,ニッピ
7936,アシックス
7937,ツツミ
7938,リーガル
7939,研 創
7940,ウェーブロック
7942,ＪＳＰ
7943,ニチハ
7944,ローランド
7946,光陽社
7947,エフピコ
7949,小松ウオル
7951,ヤマハ
7952,河合楽
7953,菊水化
7955,クリナップ
7956,ピジョン
7957,フジコピア
7962,キングジム
7963,興 研
7965,象 印
7966,リンテック
7970,信越ポリ
7971,東 リ
7972,イトーキ
7974,任天堂
7975,リヒトラブ
7976,菱鉛筆
7979,松 風
7980,重松製
7981,タカラスタン
7983,ミロク
7984,コクヨ
7985,ネポン
7986,日アイエスケイ
7987,ナカバヤシ
7988,ニフコ
7989,ブラインド
7990,グローブライ
7991,マミヤＯＰ
7992,セーラー
7994,オカムラ
7995,バルカー
7997,くろ工
7999,ＭＵＴＯＨ－ＨＤ
8001,伊藤忠
8002,丸 紅
8005,スクロール
8006,ユアサフナ
8007,高 島
8008,４℃ＨＤ
8011,三陽商
8012,長瀬産
8013,ナイガイ
8014,蝶 理
8015,豊通商
8016,オンワードＨＤ
8018,三共興
8020,兼 松
8022,ミズノ
8023,ＤＡＩＫＯＸＴ
8025,ツカモト
8029,ルックＨＤ
8030,中央魚
8031,三井物
8032,紙パル商
8035,東エレク
8037,カメイ
8039,築地魚
8040,東ソワール
8041,ＯＵＧ ＨＤ
8043,スターゼン
8045,横丸魚
8046,丸藤パ
8050,セイコーＧ
8051,山 善
8052,椿本興
8053,住友商
8056,ＢＩＰＲＯＧＹ
8057,内田洋
8058,三菱商
8059,第一実
8060,キヤノンＭＪ
8061,西華産
8065,佐藤商
8066,三谷商
8070,東京産
8074,ユアサ商
8075,神鋼商
8076,カノークス
8077,トルク
8078,阪和興
8079,正栄食
8081,カナデン
8084,ＲＹＯＤＥＮ
8085,ナラサキ
8086,ニプロ
8088,岩谷産
8089,ナイス
8091,ニチモウ
8093,極東貿
8095,アステナＨＤ
8097,三愛オブリ
8098,稲畑産
8101,ＧＳＩクレオス
8103,明和産
8104,クワザワＨＤ
8105,ＢｉｔｃｏｉｎＪ
8107,キムラタン
8111,Ｇウイン
8113,ユニチャーム
8115,ムーンバット
8117,中央自
8118,キング
8119,三栄コポ
8123,川 辺
8125,ワキタ
8127,ヤマトインタ
8129,東邦ＨＤ
8130,サンゲツ
8131,ミツウロコＧＨＤ
8132,シナネンＨＤ
8133,エネクス
8135,ゼット
8136,サンリオ
8137,サンワテクノス
8138,三京化
8139,ナガホリ
8141,新光商
8142,トーホー
8143,ラピーヌ
8144,デンキョーＧ
8147,トミタ
8150,三信電
8151,東陽テク
8152,ソマール
8153,モスフード
8154,加賀電
8157,都築電
8158,ソーダニッカ
8159,立花エレテ
8160,木曽路
8163,ＳＲＳＨＤ
8165,千趣会
8166,タカキュー
8167,リテールＰＴ
8173,上新電
8174,日ガス
8179,ロイヤルＨＤ
8181,東天紅
8185,チヨダ
8194,ライフコーポ
8198,ＭＶ東海
8200,リンガハット
8202,ラオックスＨＤ
8203,ＭｒＭａｘＨＤ
8207,テンアライド
8214,ＡＯＫＩ ＨＤ
8217,オークワ
8218,コメリ
8219,青山商
8225,タカチホ
8226,理 経
8227,しまむら
8230,はせがわ
8233,高島屋
8237,松 屋
8242,Ｈ２Ｏリテイル
8244,近鉄百
8247,大 和
8252,丸井Ｇ
8253,クレセゾン
8254,サイカ屋
8255,アクシアル
8260,井筒屋
8267,イオン
8273,イズミ
8275,フォーバル
8276,平和堂
8278,フ ジ
8281,ゼビオＨＤ
8282,ケーズＨＤ
8283,ＰＡＬＴＡＣ
8285,三谷産
8289,ＯｌｙｍｐｉｃＧ
8291,日産東ＨＤ
8301,日 銀 ＳＣ
8303,ＳＢＩ新生
8304,あおぞら
8306,三菱ＵＦＪ
8308,りそなＨＤ
8309,三住トラスト
8316,三井住友
8331,千葉銀
8334,群馬銀
8336,武蔵銀
8337,千葉興
8338,筑波銀行
8341,七十七
8343,秋田銀
8344,山形銀
8345,岩手銀
8346,東邦銀
8349,東北銀
8354,ふくおか
8358,スルガ銀
8359,八十二長
8360,山梨銀
8361,大垣銀
8362,福井銀
8364,清水銀
8365,富山銀
8366,滋賀銀
8367,南都銀
8368,百五銀
8370,紀陽銀行
8377,ほくほく
8381,山合銀
8383,鳥取銀
8386,百十四
8387,四国銀
8388,阿波銀
8392,大分銀
8393,宮崎銀
8395,佐賀銀
8399,琉球銀
8410,セブン銀行
8411,みずほ
8416,高知銀行
8418,山口ＦＧ
8421,信金中金 ＰＳ
8424,芙蓉リース
8425,ミズホリース
8439,東センチュリー
8473,ＳＢＩ
8508,Ｊトラスト
8511,日証金
8518,アジア投資
8522,名 銀
8524,北洋銀行
8537,大光銀
8541,愛媛銀
8542,トマト銀
8544,京葉銀
8550,栃木銀
8551,北日銀
8558,東和銀
8562,福島銀
8563,大東銀
8566,リコーリース
8570,イオンＦＳ
8572,アコム
8584,ジャックス
8585,オリコ
8591,オリックス
8593,三菱ＨＣキャ
8595,ジャフコ Ｇ
8596,九州リース
8600,トモニＨＤ
8601,大和証Ｇ
8604,野村ＨＤ
8609,岡 三
8613,丸三証
8614,東洋証
8616,東海東京
8617,光世証
8622,水戸証
8624,いちよし
8628,松井証
8630,ＳＯＭＰＯＨＤ
8697,ＪＰＸ
8698,マネックスＧ
8699,ＨＳＨＤ
8700,丸八証券
8704,トレイダーズ
8705,日産証Ｇ
8706,極東証券
8707,岩井コスモ
8708,アイザワ証Ｇ
8713,フィデアＨＤ
8714,池田泉州
8715,アニコムＨＤ
8725,ＭＳ＆ＡＤ
8729,ソニーＦＧ
8737,あかつき
8739,スパークス Ｇ
8742,小林洋行
8746,ｕｎｂａｎｋｅｄ
8747,豊トラスティ
8750,第一生命
8766,東京海上
8769,ＡＲＭ
8771,Ｅギャランティ
8772,アサックス
8783,ａｂｃ
8789,フィンテック
8793,ＮＥＣキャピ
8795,Ｔ＆ＤＨＤ
8798,アドバンスク
8801,三井不
8802,菱地所
8803,平和不
8804,東建物
8818,京阪神ビ
8830,住友不
8835,太平発
8836,ＲＩＳＥ
8841,テーオーシー
8844,コスモスイニシア
8848,レオパレス２１
8850,スターツ
8860,フジ住
8864,空港施設
8869,明和地所
8871,ゴールドクレ
8876,リログループ
8877,エスリード
8881,日神ＧＨＤ
8887,シーラＨＤ
8891,ＡＭＧＨＤ
8892,エスコン
8894,ＲＥＶＯＬＵＴＩ
8897,ミラースＨＤ
8898,センチュリー２１
8904,ＡＶＡＮＴＩＡ
8908,毎コムネット
8912,エリアクエスト
8914,エリアリンク
8917,ファースト住
8918,ランド
8919,カチタス
8920,東 祥
8921,ＣＳクリエイト
8923,トーセイ
8927,明豊エンター
8928,穴吹興産
8929,青山財産
8931,和田興産
8934,サンフロンティア
8935,ＦＪネクストＨＤ
8938,グロームＨＤ
8944,ランビジネス
8945,サンネクスタＧ
8946,エイシアンスター
8951,日本ビルＦ
8952,ＪＲＥ
8953,都市ファント
8954,オリックスＪＲＥ
8955,日本プラＲ
8956,ＮＴＴ都市Ｒ
8957,東急ＲＥ
8958,グロバルＲＥ
8960,ユナイテッドＵ
8961,森トラストＲＥ
8963,ＩＮＶ
8964,フロンティアＲＥ
8966,平和ＲＥ
8967,日本ロジ
8968,福岡リート
8972,ＫＤＸ不動
8975,いちごオフ
8976,大和オフィス
8977,阪急神ＲＥ
8979,スターツＰＲ
8984,ハウスリート
8985,ＪＨＲ
8986,大和リビン
8987,Ｊエクセレント
8995,誠建設
8996,ハウスフリダム
8999,グランディ
9001,東 武
9003,相鉄ＨＤ
9005,東 急
9006,京 急
9007,小田急
9008,京 王
9009,京 成
9010,富士急
9012,秩父鉄
9017,新潟交
9020,ＪＲ東日本
9021,ＪＲ西日本
9022,ＪＲ東海
9023,東京メトロ
9024,西武ＨＤ
9025,鴻池運輸
9028,ゼ ロ
9029,ヒガシＨＤ
9031,西 鉄
9033,広電鉄
9034,南総通運
9036,東部ネット
9037,ハマキョウ
9039,サカイ引越
9041,近鉄ＧＨＤ
9042,阪急阪神
9044,南海電
9045,京阪ＨＤ
9046,神電鉄
9048,名 鉄
9049,京福電
9051,センコン物流
9052,山陽電
9057,遠州トラック
9059,カンダ
9060,日ロジテム
9063,岡県運
9064,ヤマトＨＤ
9065,山 九
9067,丸 運
9068,丸全運
9069,センコーＧＨＤ
9072,ニッコンＨＤ
9073,京極運
9074,日石輸
9075,福山運
9076,セイノーＨＤ
9081,神奈交
9082,大和自
9083,神姫バス
9087,タカセ
9090,ＡＺ－ＣＯＭ丸
9101,郵 船
9104,商船三井
9107,川崎船
9110,ユナイテド海
9115,明海Ｇ
9119,飯野海
9127,玉井船
9130,共栄タ
9142,ＪＲ九州
9143,ＳＧＨＤ
9145,ビーイングＨ
9146,五健堂ＨＤ
9147,ＮＸＨＤ
9149,大友ロジ
9156,はなＨＤ
9158,シーユーシー
9159,ＷＴＯＫＹＯ
9160,ノバレーゼ
9162,ブリーチ
9163,ナレルＧ
9165,クオルテック
9166,ＧＥＮＤＡ
9168,ライズ
9169,大伸社
9171,栗林船
9173,東海船
9193,東汽船
9201,ＪＡＬ
9202,ＡＮＡ
92025,#N/A
9204,スカイマーク
9206,ＳＦＪ
9211,エフ・コード
9212,ＧＥＩ
9213,セイファート
9214,リカバリー
9215,ＣａＳｙ
9216,ビーウィズ
9218,メンタルヘルスＴ
9219,ギックス
9220,エフビ介護
9221,フルハシＥＰＯ
9222,ｍａｎａｂｙ
9223,ＡＳＮＯＶＡ
9225,ブリッジコン
9226,アイガー
9227,マイクロ波化
9229,サンウェルズ
9233,アジア航
9235,売れるネＧ
9236,ジャパＭ＆Ａ
9237,笑美面
9238,バリューＣ
9239,ケーイーティ
9240,デリバリコン
9241,ＦＬＮ
9242,メディ総研
9243,富士テクノＨ
9244,デジタリフト
9245,リベロ
9246,プロジェクＨ
9247,ＴＲＥＨＤ
9248,人夢技術
9249,日エコシステム
9250,ＧＲＣＳ
9251,ＡＢ＆Ｃ
9252,ラストワンマイル
9253,スローガン
9254,ラバブルマケ
9256,サクシード
9257,ＹＣＰ
9258,ＣＳ－Ｃ
9259,タカヨシＨＤ
9262,シルバーライフ
9264,ポエック
9265,ヤマシタヘルケア
9267,ゲンキードラ
9268,オプティマス
9270,バリュエンスＨ
9271,和 心
9272,ブティックス
9273,コーア商事Ｈ
9274,ＫＰＰＧＨＤ
9278,ブックオフＧＨ
9279,ギフトＨＤ
9282,いちごグ
9284,カナディアン
9285,東京インフラ
9286,エネクスインフラ
9301,三菱倉
9302,三井倉ＨＤ
9303,住友倉
9304,渋沢倉
9305,ヤマタネ
9306,東陽倉
9307,杉村倉
9308,乾汽船
9310,トランシィ
9311,アサガミ
9312,ケイヒン
9313,丸八倉
9319,中央倉
9322,川西倉庫
9324,安田倉庫
9325,ファイズＨＤ
9326,関 通
9327,イー・ロジット
9330,揚 羽
9331,キャスター
9332,ＮＩＳＳＯＨＤ
9334,アイビスＨＤ
9335,テクノＣ
9336,大栄環境
9337,トリドリ
9338,ＩＮＦＯＲＩＣＨ
9339,コーチ・エィ
9340,アソインター
9341,ＧＥＮＯＶＡ
9342,スマサポ
9343,アイビス
9344,アクシスＣ
9345,ビズメイツ
9346,ココルポート
9347,日管財ＨＤ
9348,ｉｓｐａｃｅ
9351,東洋埠頭
9353,桜島埠
9355,リンコー
9360,鈴与シンワ
9361,伏木運
9362,兵機海
9363,大 運
9364,上 組
9365,トレーディア
9366,サンリツ
9367,大東港
9368,キムラユニティー
9369,キユソー流通
9376,ユーラシア
9380,東海運
9381,ＡＩＴ
9385,ショーエイコーホ
9399,ビート
9401,ＴＢＳＨＤ
9404,日テレＨＤ
9405,朝日放送
9408,ＢＳＮメディア
9409,テレ朝ＨＤ
9412,スカパーＪＳＡ
9413,テレ東ＨＤ
9414,日本ＢＳ放
9416,ビジョン
9417,スマートバリュ
9418,Ｕ－ＮＥＸＴ
9419,ワイヤレスＧ
9421,エヌジェイＨＤ
9423,フォーバルＲＳ
9424,日本通信
9425,ＲｅＹｕｕＪｐｎ
9428,クロップス
9432,ＮＴＴ
9433,ＫＤＤＩ
9434,ソフトバンク
94345,#N/A
94346,#N/A
9435,光通信
9436,沖縄セルラー
9438,エムティーアイ
9439,ＭＨグループ
9441,ベルパーク
9444,トーシンＨＤ
9445,フォーバルＴＬ
9446,サカイＨＤ
9449,ＧＭＯ
9450,ファイバーＧＴ
9466,アイドマＭＣ
9467,アルファポリス
9468,ＫＡＤＯＫＡＷＡ
9470,学研ＨＤ
9474,ゼンリン
9475,昭文社ＨＤ
9476,中央経済
9478,ＳＥ Ｈ＆Ｉ
9501,東電力ＨＤ
9502,中部電
9503,関西電
9504,中国電
9505,北陸電
9506,東北電
9507,四国電
9508,九州電
9509,北海電
9511,沖縄電
9513,Ｊパワー
9514,ＥＦ－ＯＮ
9517,イーレックス
9519,レノバ
9531,東ガス
9532,大ガス
9533,邦ガス
9534,北ガス
9535,広島ガス
9536,西部ガスＨ
9537,北陸ガス
9539,葉ガス
9543,静岡ガス
9551,メタウォーター
9552,クオンツ総研
9553,マイクロアド
9554,ＡＶｉＣ
9556,ＩＮＴＬＯＯＰ
9557,エアクロ
9558,ジャパニアス
9560,プログリット
9561,グラッドキュ
9562,ビジネスコー
9563,Ａｔｌａｓ
9564,ＦＣＥ
9565,ＧＬＯＥ
9601,松 竹
9602,東 宝
9603,エイチ・アイエス
9605,東 映
9610,ウィルソンＷＬＷ
9612,ラックランド
9616,共立メンテ
9619,イチネンＨＤ
9621,建設技研
9622,スペース
9625,セレスポ
9627,アインＨＤ
9628,燦ＨＤ
9629,ピーシーエー
9632,スバル興
9633,テアトル
9635,武蔵野
9636,きんえい
9639,三協フロン
9640,セゾンテクノ
9644,タナベコンサル
9647,協和コンサ
9651,日プロセス
9656,グリンランド
9658,太田昭
9661,歌舞伎
9663,ナガワ
9672,都競馬
9678,カナモト
9679,ホウライ
9682,ＤＴＳ
9684,スクエニＨＤ
9685,ＫＹＣＯＭ
9686,東洋テック
9687,ＫＳＫ
9691,両毛シス
9692,シーイーシー
9697,カプコン
9698,クレオ
9699,ニシオＨＤ
9701,東会舘
9702,アイエスビー
9704,アゴーラＨＧ
9706,空港ビル
9708,帝国ホテル
9709,ＮＣＳ＆Ａ
9713,ロイヤルホテル
9715,トランスコスモ
9716,乃村工
9720,グランド
9722,藤田観
9723,京都ホテル
9726,ＫＮＴＣＴ
9729,トーカイ
9731,白洋舎
9733,ナガセ
9735,セコム
9739,ＮＳＷ
9740,ＣＳＰ
9742,アイネス
9743,丹青社
9744,メイテックＧＨＤ
9746,ＴＫＣ
9753,ＩＸナレッジ
9755,応用地
9757,船総研ＨＤ
9759,ＮＳＤ
9760,進学会ＨＤ
9761,東海リース
9763,丸建リース
9765,オオバ
9766,コナミＧ
9767,日建工
9768,いであ
9769,学究社
9778,昴
9780,ビステム
9782,ディーエムエス
9788,ナック
9790,福井コンピ
9791,ビケンテクノ
9793,ダイセキ
9795,ステップ
9799,旭情報
9812,テーオーＨＤ
9816,ストライダース
9818,大丸エナ
9820,ＭＴジェネック
9823,マミーマートＨＤ
9824,泉州電
9827,リリカラ
9828,ゲンキＧＤＣ
9830,Ｔナカヤマ
9831,ヤマダＨＤ
9832,オートバックス
9835,ジュンテント
9837,モリト
9842,アークランズ
9843,ニトリＨＤ
9845,パーカー
9846,天満屋ス
9849,共同紙
9850,グルメ杵屋
9853,ルノアール
9854,愛 眼
9856,ケーユーＨＤ
9857,英 和
9861,吉野家ＨＤ
9867,ソレキア
9869,加藤産業
9872,北 恵
9876,コックス
9878,セキド
9880,イノテック
9882,イエローハット
9885,シャルレ
9887,松屋フーズ
9888,ＵＥＸ
9889,ＪＢＣＣ ＨＤ
9890,マキヤ
9895,コンセック
9896,ＪＫＨＤ
9900,サガミＨＤ
9902,日 伝
9903,カンセキ
9904,ベリテ
9906,藤井産
9908,日電計
9913,日邦産
9914,植松商
9927,ワットマン
9928,ミロク情報
9929,平和紙
9930,北沢産
9932,杉本商
9934,因幡電産
9936,王将フード
9941,太洋物
9946,ミニストップ
9948,アークス
9950,ハチバン
9955,ヨンキュウ
9956,バローＨＤ
9959,アシードＨＤ
9960,東テク
9962,ミスミＧ
9969,ショクブン
9972,アルテック
9973,ＫＯＺＯＨＤ
9974,ベルク
9976,セキチュー
9978,文教堂ＨＤ
9979,大 庄
9980,ＭＲＫ ＨＬＤ
9982,タキヒヨー
9983,ファーストリテイ
9984,ソフトバンクＧ
9986,蔵王産業
9987,スズケン
9989,サンドラッグ
9990,サックスバーＨ
9991,ジェコス
9993,ヤマザワ
9994,やまや
9996,サトー商会
9997,ベルーナ